Workbook
Name LongPeriod: '[1]IMPORT DATA'!$D$16
Name Query_List: #REF!
Name Referred: LOOKUPS!$C$2:$C$9
Name Report_Requested: LOOKUPS!$D$2:$D$8
Name Workbook_list: #REF!
Name Wtg_Att_Mgr_Dec: LOOKUPS!$E$2:$E$12
Name Wtg_Referral_Dec: LOOKUPS!$F$2:$F$13

Sheet MASTER
A1: Incident Number | B1: Incident Date | C1: Headcode | D1: Train | E1: Incident Location | F1: Primary Mins Sum | G1: Total Mins | H1: Train Accepted | I1: Trust Mgr | J1: Root Cause | K1: Bugle Status | L1: Report Requested From/Delay Attributed To: | M1: Date Report Requested/Referred or Delay Closed Out | N1: TIN | O1: EFC (if Required) In Progress? | P1: PHRD? | Q1: PHRD Number | R1: PIP/MOD Recommended? | S1: Delay Mins | T1: Lag_Delay_1 | U1: Lag_Delay_2 | V1: Rolling_3_Delay_Avg | W1: Predicted Delay | X1: Error | Y1: Absolute Error
A2: 179509 | B2: 46059 | C2: 1A30 | D2: 17:40 LEEDS to KINGS X | E2: LEEDS | F2: 0 | G2: 0 | H2: 43532 | I2: MHB1 | J2: MN | K2: Accepted | N2: =IF(L2="Availability", 0, IF(AND(#REF!="Y", OR(F2>2,#REF!> 0)), 1, 0)) -> #REF! | S2: =_xlfn.XLOOKUP(E2,DelayData!C:C,DelayData!E:E,"0") -> 0 | T2: 0 | U2: 0 | V2: =IF(COUNT(S2:S4)<3,"",AVERAGE(S2:S4)) -> 0 | W2: =0.5*T2 + 0.3*U2 + 0.2*V2 -> 0 | X2: =S2 - W2 -> 0 | Y2: =ABS(S2 - W2) -> 0
A3: 179324 | B3: 46059 | C3: 1D20 | D3: 15:10 London Kings Cross - Leeds | E3: KNGXBEL | F3: 5 | G3: 5 | I3: MHBA | K3: New | N3: =IF(L3="Availability", 0, IF(AND(#REF!="Y", OR(F3>2,#REF!> 0)), 1, 0)) -> #REF! | S3: =_xlfn.XLOOKUP(E3,DelayData!C:C,DelayData!E:E,"0") -> 0 | T3: =S2 -> 0 | U3: 0 | V3: =IF(COUNT(S3:S5)<3,"",AVERAGE(S3:S5)) -> 0 | W3: =0.5*T3 + 0.3*U3 + 0.2*V3 -> 0 | X3: =S3 - W3 -> 0 | Y3: =ABS(S3 - W3) -> 0
A4: 178432 | B4: 46059 | C4: 1E03 | D4: 06:30 EDINBURGH to KINGS X | E4: NCL KEBGSJN | F4: 2 | G4: 2 | H4: 43896 | I4: MHB2 | K4: New | N4: =IF(L4="Availability", 0, IF(AND(#REF!="Y", OR(F4>2,#REF!> 0)), 1, 0)) -> #REF! | S4: =_xlfn.XLOOKUP(E4,DelayData!C:C,DelayData!E:E,"0") -> 0 | T4: =S3 -> 0 | U4: =S2 -> 0 | V4: =IF(COUNT(S4:S6)<3,"",AVERAGE(S4:S6)) -> 0 | W4: =0.5*T4 + 0.3*U4 + 0.2*V4 -> 0 | X4: =S4 - W4 -> 0 | Y4: =ABS(S4 - W4) -> 0
A5: 177745 | B5: 46059 | C5: 1E10 | D5: 10:00 EDINBURGH to KINGS X | E5: EDB | F5: 0 | G5: 5 | H5: 43852 | I5: MHB2 | J5: MS | K5: Accepted | N5: =IF(L5="Availability", 0, IF(AND(#REF!="Y", OR(F5>2,#REF!> 0)), 1, 0)) -> #REF! | S5: =_xlfn.XLOOKUP(E5,DelayData!C:C,DelayData!E:E,"0") -> 0 | T5: =S4 -> 0 | U5: =S3 -> 0 | V5: =IF(COUNT(S5:S7)<3,"",AVERAGE(S5:S7)) -> 1 | W5: =0.5*T5 + 0.3*U5 + 0.2*V5 -> 0.2 | X5: =S5 - W5 -> -0.2 | Y5: =ABS(S5 - W5) -> 0.2
A6: 179769 | B6: 46059 | C6: 1S19 | D6: 14:03 KINGS X to ABERDEEN | E6: YRK | F6: 4 | G6: 4 | H6: 43572 | I6: THBN | K6: New | N6: =IF(L6="Availability", 0, IF(AND(#REF!="Y", OR(F6>2,#REF!> 0)), 1, 0)) -> #REF! | S6: =_xlfn.XLOOKUP(E6,DelayData!C:C,DelayData!E:E,"0") -> 0 | T6: =S5 -> 0 | U6: =S4 -> 0 | V6: =IF(COUNT(S6:S8)<3,"",AVERAGE(S6:S8)) -> 1.6666667 | W6: =0.5*T6 + 0.3*U6 + 0.2*V6 -> 0.33333333 | X6: =S6 - W6 -> -0.33333333 | Y6: =ABS(S6 - W6) -> 0.33333333
A7: 177582 | B7: 46059 | C7: 5Y23 | D7: 21:22 KINGS X to BOUNDGNCS | E7: FERMEPK | F7: 44 | G7: 44 | H7: 43700 | I7: MHBJ | J7: MU | K7: Accepted | N7: =IF(L7="Availability", 0, IF(AND(#REF!="Y", OR(F7>2,#REF!> 0)), 1, 0)) -> #REF! | S7: =_xlfn.XLOOKUP(E7,DelayData!C:C,DelayData!E:E,"0") -> 3 | T7: =S6 -> 0 | U7: =S5 -> 0 | V7: =IF(COUNT(S7:S9)<3,"",AVERAGE(S7:S9)) -> 3 | W7: =0.5*T7 + 0.3*U7 + 0.2*V7 -> 0.6 | X7: =S7 - W7 -> 2.4 | Y7: =ABS(S7 - W7) -> 2.4
A8: 178518 | B8: 46059 | D8: 09:14 CRAIGNTNY to EDINBURGH | E8: XCN | F8: 5 | G8: 5 | H8: 43852 | I8: MHBK | K8: New | N8: =IF(L8="Availability", 0, IF(AND(#REF!="Y", OR(F8>2,#REF!> 0)), 1, 0)) -> #REF! | S8: =_xlfn.XLOOKUP(E8,DelayData!C:C,DelayData!E:E,"0") -> 2 | T8: =S7 -> 3 | U8: =S6 -> 0 | V8: =IF(COUNT(S8:S10)<3,"",AVERAGE(S8:S10)) -> 2 | W8: =0.5*T8 + 0.3*U8 + 0.2*V8 -> 1.9 | X8: =S8 - W8 -> 0.1 | Y8: =ABS(S8 - W8) -> 0.1
A9: 181387 | B9: 46060 | C9: 1A19 | D9: 11:37 Bradford Forster Square - Peterborough | E9: DON DONCLCJ | F9: 10 | G9: 17 | I9: MHBA | K9: New | N9: =IF(L9="Availability", 0, IF(AND(#REF!="Y", OR(F9>2,#REF!> 0)), 1, 0)) -> #REF! | S9: =_xlfn.XLOOKUP(E9,DelayData!C:C,DelayData!E:E,"0") -> 4 | T9: =S8 -> 2 | U9: =S7 -> 3 | V9: =IF(COUNT(S9:S11)<3,"",AVERAGE(S9:S11)) -> 10.333333 | W9: =0.5*T9 + 0.3*U9 + 0.2*V9 -> 3.9666667 | X9: =S9 - W9 -> 0.033333333 | Y9: =ABS(S9 - W9) -> 0.033333333
A10: 181742 | B10: 46060 | C10: 1S15 | D10: 12:03 KINGS X to INVERNES Running as 12:51 PETERBORO to INVERNES | E10: EDB | F10: 7 | G10: 14 | H10: 44013 | I10: THBN | K10: New | N10: =IF(L10="Availability", 0, IF(AND(#REF!="Y", OR(F10>2,#REF!> 0)), 1, 0)) -> #REF! | S10: =_xlfn.XLOOKUP(E10,DelayData!C:C,DelayData!E:E,"0") -> 0 | T10: =S9 -> 4 | U10: =S8 -> 2 | V10: =IF(COUNT(S10:S12)<3,"",AVERAGE(S10:S12)) -> 18 | W10: =0.5*T10 + 0.3*U10 + 0.2*V10 -> 6.2 | X10: =S10 - W10 -> -6.2 | Y10: =ABS(S10 - W10) -> 6.2
A11: 180998 | B11: 46060 | C11: 3S08 | D11: 08:55 NEVHILL D to YORK | E11: XNL | F11: 7 | G11: 16 | H11: 43864 | I11: MHBM | K11: New | N11: =IF(L11="Availability", 0, IF(AND(#REF!="Y", OR(F11>2,#REF!> 0)), 1, 0)) -> #REF! | S11: =_xlfn.XLOOKUP(E11,DelayData!C:C,DelayData!E:E,"0") -> 27 | T11: =S10 -> 0 | U11: =S9 -> 4 | V11: =IF(COUNT(S11:S13)<3,"",AVERAGE(S11:S13)) -> 18 | W11: =0.5*T11 + 0.3*U11 + 0.2*V11 -> 4.8 | X11: =S11 - W11 -> 22.2 | Y11: =ABS(S11 - W11) -> 22.2
A12: 180628 | B12: 46060 | E12: XNL | F12: 6 | G12: 6 | I12: MHBM | K12: New | N12: =IF(L12="Availability", 0, IF(AND(#REF!="Y", OR(F12>2,#REF!> 0)), 1, 0)) -> #REF! | S12: =_xlfn.XLOOKUP(E12,DelayData!C:C,DelayData!E:E,"0") -> 27 | T12: =S11 -> 27 | U12: =S10 -> 0 | V12: =IF(COUNT(S12:S14)<3,"",AVERAGE(S12:S14)) -> 9 | W12: =0.5*T12 + 0.3*U12 + 0.2*V12 -> 15.3 | X12: =S12 - W12 -> 11.7 | Y12: =ABS(S12 - W12) -> 11.7
A13: 183386 | B13: 46061 | C13: 1A27 | D13: 15:34 Bradford Foster Square - London Kings Cross | E13: WKF | F13: 2 | G13: 3 | I13: MHBA | K13: New | N13: =IF(L13="Availability", 0, IF(AND(#REF!="Y", OR(F13>2,#REF!> 0)), 1, 0)) -> #REF! | S13: =_xlfn.XLOOKUP(E13,DelayData!C:C,DelayData!E:E,"0") -> 0 | T13: =S12 -> 27 | U13: =S11 -> 27 | V13: =IF(COUNT(S13:S15)<3,"",AVERAGE(S13:S15)) -> 0.66666667 | W13: =0.5*T13 + 0.3*U13 + 0.2*V13 -> 21.733333 | X13: =S13 - W13 -> -21.733333 | Y13: =ABS(S13 - W13) -> 21.733333
A14: 182765 | B14: 46061 | C14: 1E07 | D14: 08:55 EDINBURGH to KINGS X Running as 08:55 EDINBURGH to YORK | E14: EDB | F14: 14 | G14: 30 | H14: 43908 | I14: THBQ | K14: New | N14: =IF(L14="Availability", 0, IF(AND(#REF!="Y", OR(F14>2,#REF!> 0)), 1, 0)) -> #REF! | S14: =_xlfn.XLOOKUP(E14,DelayData!C:C,DelayData!E:E,"0") -> 0 | T14: =S13 -> 0 | U14: =S12 -> 27 | V14: =IF(COUNT(S14:S16)<3,"",AVERAGE(S14:S16)) -> 0.66666667 | W14: =0.5*T14 + 0.3*U14 + 0.2*V14 -> 8.2333333 | X14: =S14 - W14 -> -8.2333333 | Y14: =ABS(S14 - W14) -> 8.2333333
A15: 183270 | B15: 46061 | C15: 5E22 | D15: 15:08 CRAIGNTNY to EDINBURGH | E15: XCN | F15: 24 | G15: 43 | H15: 43908 | I15: THBN | K15: New | N15: =IF(L15="Availability", 0, IF(AND(#REF!="Y", OR(F15>2,#REF!> 0)), 1, 0)) -> #REF! | S15: =_xlfn.XLOOKUP(E15,DelayData!C:C,DelayData!E:E,"0") -> 2 | T15: =S14 -> 0 | U15: =S13 -> 0 | V15: =IF(COUNT(S15:S17)<3,"",AVERAGE(S15:S17)) -> 0.66666667 | W15: =0.5*T15 + 0.3*U15 + 0.2*V15 -> 0.13333333 | X15: =S15 - W15 -> 1.8666667 | Y15: =ABS(S15 - W15) -> 1.8666667
A16: 184173 | B16: 46062 | C16: 1A02 | D16: 05:00 Leeds - London Kings Cross | E16: LDS | F16: 0 | G16: 16 | I16: MHBC | K16: New | N16: =IF(L16="Availability", 0, IF(AND(#REF!="Y", OR(F16>2,#REF!> 0)), 1, 0)) -> #REF! | S16: =_xlfn.XLOOKUP(E16,DelayData!C:C,DelayData!E:E,"0") -> 0 | T16: =S15 -> 2 | U16: =S14 -> 0 | V16: =IF(COUNT(S16:S18)<3,"",AVERAGE(S16:S18)) -> 0 | W16: =0.5*T16 + 0.3*U16 + 0.2*V16 -> 1 | X16: =S16 - W16 -> -1 | Y16: =ABS(S16 - W16) -> 1
A17: 184308 | B17: 46062 | C17: 1A07 | D17: 06:30 BRADFORSQ to KINGS X | E17: LDS | F17: 4 | G17: 4 | H17: 44005 | I17: MHB2 | K17: New | N17: =IF(L17="Availability", 0, IF(AND(#REF!="Y", OR(F17>2,#REF!> 0)), 1, 0)) -> #REF! | S17: =_xlfn.XLOOKUP(E17,DelayData!C:C,DelayData!E:E,"0") -> 0 | T17: =S16 -> 0 | U17: =S15 -> 2 | V17: =IF(COUNT(S17:S19)<3,"",AVERAGE(S17:S19)) -> 4 | W17: =0.5*T17 + 0.3*U17 + 0.2*V17 -> 1.4 | X17: =S17 - W17 -> -1.4 | Y17: =ABS(S17 - W17) -> 1.4
A18: 185048 | B18: 46062 | C18: 1B86 | D18: 12:47 KINGS X to LINCLNCEN | E18: KGX | F18: 15 | G18: 31 | H18: 43721 | I18: MHB1 | K18: New | N18: =IF(L18="Availability", 0, IF(AND(#REF!="Y", OR(F18>2,#REF!> 0)), 1, 0)) -> #REF! | S18: =_xlfn.XLOOKUP(E18,DelayData!C:C,DelayData!E:E,"0") -> 0 | T18: =S17 -> 0 | U18: =S16 -> 0 | V18: =IF(COUNT(S18:S20)<3,"",AVERAGE(S18:S20)) -> 5.3333333 | W18: =0.5*T18 + 0.3*U18 + 0.2*V18 -> 1.0666667 | X18: =S18 - W18 -> -1.0666667 | Y18: =ABS(S18 - W18) -> 1.0666667
A19: 185246 | B19: 46062 | C19: 1E16 | D19: 13:00 EDINBURGH to KINGS X | E19: NCL | F19: 14 | G19: 21 | H19: 43988 | I19: MHB2 | K19: New | N19: =IF(L19="Availability", 0, IF(AND(#REF!="Y", OR(F19>2,#REF!> 0)), 1, 0)) -> #REF! | S19: =_xlfn.XLOOKUP(E19,DelayData!C:C,DelayData!E:E,"0") -> 12 | T19: =S18 -> 0 | U19: =S17 -> 0 | V19: =IF(COUNT(S19:S21)<3,"",AVERAGE(S19:S21)) -> 5.3333333 | W19: =0.5*T19 + 0.3*U19 + 0.2*V19 -> 1.0666667 | X19: =S19 - W19 -> 10.933333 | Y19: =ABS(S19 - W19) -> 10.933333
A20: 185801 | B20: 46062 | C20: 1E17 | D20: 13:30 EDINBURGH to KINGS X | E20: DON DONCLCJ | F20: 2 | G20: 8 | H20: 43972 | I20: MHB2 | K20: New | N20: =IF(L20="Availability", 0, IF(AND(#REF!="Y", OR(F20>2,#REF!> 0)), 1, 0)) -> #REF! | S20: =_xlfn.XLOOKUP(E20,DelayData!C:C,DelayData!E:E,"0") -> 4 | T20: =S19 -> 12 | U20: =S18 -> 0 | V20: =IF(COUNT(S20:S22)<3,"",AVERAGE(S20:S22)) -> 5.6666667 | W20: =0.5*T20 + 0.3*U20 + 0.2*V20 -> 7.1333333 | X20: =S20 - W20 -> -3.1333333 | Y20: =ABS(S20 - W20) -> 3.1333333
A21: 184254 | B21: 46062 | C21: 1N01 | D21: 06:33 KINGS X to NCASTLCEN | E21: KGX | F21: 11 | G21: 11 | H21: 43943 | I21: MHB2 | K21: New | N21: =IF(L21="Availability", 0, IF(AND(#REF!="Y", OR(F21>2,#REF!> 0)), 1, 0)) -> #REF! | S21: =_xlfn.XLOOKUP(E21,DelayData!C:C,DelayData!E:E,"0") -> 0 | T21: =S20 -> 4 | U21: =S19 -> 12 | V21: =IF(COUNT(S21:S23)<3,"",AVERAGE(S21:S23)) -> 13.333333 | W21: =0.5*T21 + 0.3*U21 + 0.2*V21 -> 8.2666667 | X21: =S21 - W21 -> -8.2666667 | Y21: =ABS(S21 - W21) -> 8.2666667
A22: 184268 | B22: 46062 | C22: 1Y04 | D22: 05:27 NCASTLCEN to KINGS X | E22: SHFTHLJ TEMPLHJ | F22: 11 | G22: 11 | H22: 44077 | I22: MHB2 | K22: New | N22: =IF(L22="Availability", 0, IF(AND(#REF!="Y", OR(F22>2,#REF!> 0)), 1, 0)) -> #REF! | S22: =_xlfn.XLOOKUP(E22,DelayData!C:C,DelayData!E:E,"0") -> 13 | T22: =S21 -> 0 | U22: =S20 -> 4 | V22: =IF(COUNT(S22:S24)<3,"",AVERAGE(S22:S24)) -> 15.333333 | W22: =0.5*T22 + 0.3*U22 + 0.2*V22 -> 4.2666667 | X22: =S22 - W22 -> 8.7333333 | Y22: =ABS(S22 - W22) -> 8.7333333
A23: 184293 | B23: 46062 | C23: 3A11 | D23: 06:40 NEVHILL D to BRADFORSQ | E23: XNL | F23: 7 | G23: 7 | H23: 43700 | I23: MHBM | K23: New | N23: =IF(L23="Availability", 0, IF(AND(#REF!="Y", OR(F23>2,#REF!> 0)), 1, 0)) -> #REF! | S23: =_xlfn.XLOOKUP(E23,DelayData!C:C,DelayData!E:E,"0") -> 27 | T23: =S22 -> 13 | U23: =S21 -> 0 | V23: =IF(COUNT(S23:S25)<3,"",AVERAGE(S23:S25)) -> 11 | W23: =0.5*T23 + 0.3*U23 + 0.2*V23 -> 8.7 | X23: =S23 - W23 -> 18.3 | Y23: =ABS(S23 - W23) -> 18.3
A24: 186855 | B24: 46063 | C24: 1A05 | D24: 06:05 Leeds - London Kings Cross | E24: NNG | F24: 4 | G24: 32 | I24: MHBA | K24: New | N24: =IF(L24="Availability", 0, IF(AND(#REF!="Y", OR(F24>2,#REF!> 0)), 1, 0)) -> #REF! | S24: =_xlfn.XLOOKUP(E24,DelayData!C:C,DelayData!E:E,"0") -> 6 | T24: =S23 -> 27 | U24: =S22 -> 13 | V24: =IF(COUNT(S24:S26)<3,"",AVERAGE(S24:S26)) -> 2 | W24: =0.5*T24 + 0.3*U24 + 0.2*V24 -> 17.8 | X24: =S24 - W24 -> -11.8 | Y24: =ABS(S24 - W24) -> 11.8
A25: 187971 | B25: 46063 | C25: 1D20 | D25: 15:10 London Kings Cross - Leeds | E25: PBO | F25: 3 | G25: 11 | I25: MHBB | K25: New | N25: =IF(L25="Availability", 0, IF(AND(#REF!="Y", OR(F25>2,#REF!> 0)), 1, 0)) -> #REF! | S25: =_xlfn.XLOOKUP(E25,DelayData!C:C,DelayData!E:E,"0") -> 0 | T25: =S24 -> 6 | U25: =S23 -> 27 | V25: =IF(COUNT(S25:S27)<3,"",AVERAGE(S25:S27)) -> 0 | W25: =0.5*T25 + 0.3*U25 + 0.2*V25 -> 11.1 | X25: =S25 - W25 -> -11.1 | Y25: =ABS(S25 - W25) -> 11.1
A26: 188162 | B26: 46063 | C26: 1S19 | D26: 14:03 KINGS X to ABERDEEN | E26: DAR | F26: 7 | G26: 7 | H26: 43584 | I26: MHB1 | K26: New | N26: =IF(L26="Availability", 0, IF(AND(#REF!="Y", OR(F26>2,#REF!> 0)), 1, 0)) -> #REF! | S26: =_xlfn.XLOOKUP(E26,DelayData!C:C,DelayData!E:E,"0") -> 0 | T26: =S25 -> 0 | U26: =S24 -> 6 | V26: =IF(COUNT(S26:S28)<3,"",AVERAGE(S26:S28)) -> 1 | W26: =0.5*T26 + 0.3*U26 + 0.2*V26 -> 2 | X26: =S26 - W26 -> -2 | Y26: =ABS(S26 - W26) -> 2
A27: 187126 | B27: 46063 | C27: 3A12 | D27: 07:15 DONCARIEP to LEEDS | E27: LDS | F27: 0 | G27: 2 | H27: 44077 | I27: MHB1 | J27: MS | K27: Accepted | N27: =IF(L27="Availability", 0, IF(AND(#REF!="Y", OR(F27>2,#REF!> 0)), 1, 0)) -> #REF! | S27: =_xlfn.XLOOKUP(E27,DelayData!C:C,DelayData!E:E,"0") -> 0 | T27: =S26 -> 0 | U27: =S25 -> 0 | V27: =IF(COUNT(S27:S29)<3,"",AVERAGE(S27:S29)) -> 34.666667 | W27: =0.5*T27 + 0.3*U27 + 0.2*V27 -> 6.9333333 | X27: =S27 - W27 -> -6.9333333 | Y27: =ABS(S27 - W27) -> 6.9333333
A28: 190994 | B28: 46064 | C28: 1D26 | D28: 18:03 KINGS X to SKIPTON | E28: DON | F28: 11 | G28: 34 | H28: 43728 | I28: MHB2 | J28: M9 | K28: Accepted | N28: =IF(L28="Availability", 0, IF(AND(#REF!="Y", OR(F28>2,#REF!> 0)), 1, 0)) -> #REF! | S28: =_xlfn.XLOOKUP(E28,DelayData!C:C,DelayData!E:E,"0") -> 3 | T28: =S27 -> 0 | U28: =S26 -> 0 | V28: =IF(COUNT(S28:S30)<3,"0",AVERAGE(S28:S30)) -> 0 | W28: =0.5*T28 + 0.3*U28 + 0.2*V28 -> 0 | X28: =S28 - W28 -> 3 | Y28: =ABS(S28 - W28) -> 3
A29: 189004 | B29: 46064 | C29: 5Y26 | D29: 22:26 KINGS X to BOUNDGNCS | E29: BNDSGRN | F29: 33 | G29: 33 | H29: 43868 | I29: MHBJ | J29: MU | K29: Accepted | N29: =IF(L29="Availability", 0, IF(AND(#REF!="Y", OR(F29>2,#REF!> 0)), 1, 0)) -> #REF! | S29: =_xlfn.XLOOKUP(E29,DelayData!C:C,DelayData!E:E,"0") -> 101 | T29: =S28 -> 3 | U29: =S27 -> 0 | V29: =IF(COUNT(S29:S31)<3,"0",AVERAGE(S29:S31)) -> 0 | W29: =0.5*T29 + 0.3*U29 + 0.2*V29 -> 1.5 | X29: =S29 - W29 -> 99.5 | Y29: =ABS(S29 - W29) -> 99.5
A30: 192749 | B30: 46065 | C30: 1E15 | D30: 09:52 ABERDEEN to KINGS X | E30: EDB MNK | F30: 17 | G30: 83 | H30: 43550 | I30: MHB1 | K30: New | N30: =IF(L30="Availability", 0, IF(AND(#REF!="Y", OR(F30>2,#REF!> 0)), 1, 0)) -> #REF! | S30: =_xlfn.XLOOKUP(E30,DelayData!C:C,DelayData!E:E,"0") -> 0 | T30: =S29 -> 101 | U30: =S28 -> 3 | V30: 0 | W30: =0.5*T30 + 0.3*U30 + 0.2*V30 -> 51.4 | X30: =S30 - W30 -> -51.4 | Y30: =ABS(S30 - W30) -> 51.4
A31: 191716 | B31: 46065 | C31: 3Y03 | D31: 04:35 DONCARIEP to YORK Running as 04:57 DONCASTER to YORK | E31: DON | F31: 10 | G31: 21 | H31: 43819 | I31: MHB1 | K31: New | N31: =IF(L31="Availability", 0, IF(AND(#REF!="Y", OR(F31>2,#REF!> 0)), 1, 0)) -> #REF! | S31: =_xlfn.XLOOKUP(E31,DelayData!C:C,DelayData!E:E,"0") -> 3 | T31: =S30 -> 0 | U31: =S29 -> 101 | V31: =IF(COUNT(S31:S33)<3,"",AVERAGE(S31:S33)) -> 12 | W31: =0.5*T31 + 0.3*U31 + 0.2*V31 -> 32.7 | X31: =S31 - W31 -> -29.7 | Y31: =ABS(S31 - W31) -> 29.7
A32: 191778 | B32: 46065 | C32: 5A02 | E32: XNL | F32: 59 | G32: 143 | I32: MHBC | K32: New | N32: =IF(L32="Availability", 0, IF(AND(#REF!="Y", OR(F32>2,#REF!> 0)), 1, 0)) -> #REF! | S32: =_xlfn.XLOOKUP(E32,DelayData!C:C,DelayData!E:E,"0") -> 27 | T32: =S31 -> 3 | U32: =S30 -> 0 | V32: =IF(COUNT(S32:S34)<3,"",AVERAGE(S32:S34)) -> 11 | W32: =0.5*T32 + 0.3*U32 + 0.2*V32 -> 3.7 | X32: =S32 - W32 -> 23.3 | Y32: =ABS(S32 - W32) -> 23.3
A33: 192000 | B33: 46065 | C33: 5S08 | D33: 06:34 FERMEPARK to KINGS X | E33: FRMPKRS | F33: 5 | G33: 5 | I33: MHBJ | K33: New | N33: =IF(L33="Availability", 0, IF(AND(#REF!="Y", OR(F33>2,#REF!> 0)), 1, 0)) -> #REF! | S33: =_xlfn.XLOOKUP(E33,DelayData!C:C,DelayData!E:E,"0") -> 6 | T33: =S32 -> 27 | U33: =S31 -> 3 | V33: =IF(COUNT(S33:S35)<3,"",AVERAGE(S33:S35)) -> 2 | W33: =0.5*T33 + 0.3*U33 + 0.2*V33 -> 14.8 | X33: =S33 - W33 -> -8.8 | Y33: =ABS(S33 - W33) -> 8.8
A34: 176963 | B34: 46058 | C34: 1E25 | D34: 14:52 ABERDEEN to KINGS X | E34: KDY INK | F34: 2 | G34: 2 | H34: 43572 | I34: MHB1 | K34: New | N34: =IF(L34="Availability", 0, IF(AND(#REF!="Y", OR(F34>2,#REF!> 0)), 1, 0)) -> #REF! | S34: =_xlfn.XLOOKUP(E34,DelayData!C:C,DelayData!E:E,"Not Found") -> 0 | T34: =tbl_master[[#This Row],[Delay Mins]] -> 0 | U34: =S33 -> 6 | V34: {=IF(V5COUNT(S34:S36)<3,"",AVERAGE(S34:S36))} -> #NAME? | W34: =0.5*T34 + 0.3*U34 + 0.2*V34 -> #NAME? | X34: =S34 - W34 -> #NAME? | Y34: =ABS(S34 - W34) -> #NAME?
A35: 176917 | B35: 46058 | C35: 1S24 | D35: 16:30 KINGS X to EDINBURGH | E35: YRK | F35: 3 | G35: 3 | H35: 43791 | I35: RHBK | K35: New | N35: =IF(L35="Availability", 0, IF(AND(#REF!="Y", OR(F35>2,#REF!> 0)), 1, 0)) -> #REF! | S35: =_xlfn.XLOOKUP(E35,DelayData!C:C,DelayData!E:E,"Not Found") -> 0 | T35: =tbl_master[[#This Row],[Delay Mins]] -> 0 | U35: =S34 -> 0 | V35: {=IF(V5COUNT(S35:S37)<3,"",AVERAGE(S35:S37))} -> #NAME? | W35: =0.5*T35 + 0.3*U35 + 0.2*V35 -> #NAME? | X35: =S35 - W35 -> #NAME? | Y35: =ABS(S35 - W35) -> #NAME?
A36: 176008 | B36: 46058 | C36: 1S05 | D36: 07:03 KINGS X to EDINBURGH | E36: BELFORD BWK | F36: 4 | G36: 11 | H36: 43998 | I36: MHB2 | K36: New | N36: =IF(L36="Availability", 0, IF(AND(#REF!="Y", OR(F36>2,#REF!> 0)), 1, 0)) -> #REF! | S36: =_xlfn.XLOOKUP(E36,DelayData!C:C,DelayData!E:E,"Not Found") -> 0 | T36: =tbl_master[[#This Row],[Delay Mins]] -> 0 | U36: =S35 -> 0 | V36: {=IF(V5COUNT(S36:S38)<3,"",AVERAGE(S36:S38))} -> #NAME? | W36: =0.5*T36 + 0.3*U36 + 0.2*V36 -> #NAME? | X36: =S36 - W36 -> #NAME? | Y36: =ABS(S36 - W36) -> #NAME?
A37: 175515 | B37: 46058 | C37: 1S04 | D37: 06:30 KINGS X to EDINBURG | E37: NNG RET | F37: 6 | G37: 6 | H37: 43783 | I37: MHB2 | J37: M7 | K37: Accepted | N37: =IF(L37="Availability", 0, IF(AND(#REF!="Y", OR(F37>2,#REF!> 0)), 1, 0)) -> #REF! | S37: =_xlfn.XLOOKUP(E37,DelayData!C:C,DelayData!E:E,"Not Found") -> 0 | T37: =tbl_master[[#This Row],[Delay Mins]] -> 0 | U37: =S36 -> 0 | V37: {=IF(V5COUNT(S37:S39)<3,"",AVERAGE(S37:S39))} -> #NAME? | W37: =0.5*T37 + 0.3*U37 + 0.2*V37 -> #NAME? | X37: =S37 - W37 -> #NAME? | Y37: =ABS(S37 - W37) -> #NAME?
A38: 175190 | B38: 46058 | D38: 05:35 Neville Hill T&R.S.M.D - Leeds | E38: XNL | F38: 4 | G38: 4 | I38: MHBM | K38: New | N38: =IF(L38="Availability", 0, IF(AND(#REF!="Y", OR(F38>2,#REF!> 0)), 1, 0)) -> #REF! | S38: =_xlfn.XLOOKUP(E38,DelayData!C:C,DelayData!E:E,"Not Found") -> 27 | T38: =tbl_master[[#This Row],[Delay Mins]] -> 27 | U38: =S37 -> 0 | V38: {=IF(V5COUNT(S38:S40)<3,"",AVERAGE(S38:S40))} -> #NAME? | W38: =0.5*T38 + 0.3*U38 + 0.2*V38 -> #NAME? | X38: =S38 - W38 -> #NAME? | Y38: =ABS(S38 - W38) -> #NAME?
A39: 173841 | B39: 46057 | C39: 1A24 | D39: 14:40 Leeds - London Kings Cross | E39: AWK DON | F39: 14 | G39: 23 | I39: MHBA | J39: M1 | K39: Accepted | N39: =IF(L39="Availability", 0, IF(AND(#REF!="Y", OR(F39>2,#REF!> 0)), 1, 0)) -> #REF! | S39: =_xlfn.XLOOKUP(E39,DelayData!C:C,DelayData!E:E,"Not Found") -> 0 | T39: =tbl_master[[#This Row],[Delay Mins]] -> 0 | U39: =S38 -> 27 | V39: {=IF(V5COUNT(S39:S41)<3,"",AVERAGE(S39:S41))} -> #NAME? | W39: =0.5*T39 + 0.3*U39 + 0.2*V39 -> #NAME? | X39: =S39 - W39 -> #NAME? | Y39: =ABS(S39 - W39) -> #NAME?
A40: 172843 | B40: 46057 | C40: 3A13 | D40: 07:12 NEVHILL D to HARROGATE | E40: XNL | F40: 11 | G40: 11 | H40: 43920 | I40: MHBM | K40: New | N40: =IF(L40="Availability", 0, IF(AND(#REF!="Y", OR(F40>2,#REF!> 0)), 1, 0)) -> #REF! | S40: =_xlfn.XLOOKUP(E40,DelayData!C:C,DelayData!E:E,"Not Found") -> 27 | T40: =tbl_master[[#This Row],[Delay Mins]] -> 27 | U40: =S39 -> 0 | V40: {=IF(V5COUNT(S40:S42)<3,"",AVERAGE(S40:S42))} -> #NAME? | W40: =0.5*T40 + 0.3*U40 + 0.2*V40 -> #NAME? | X40: =S40 - W40 -> #NAME? | Y40: =ABS(S40 - W40) -> #NAME?
A41: 172613 | B41: 46057 | C41: 3Y81 | D41: 05:34 HEATON CS to MIDDLSBRO | E41: XHT | F41: 21 | G41: 33 | H41: 43805 | I41: MHBN | J41: MU | K41: Accepted | N41: =IF(L41="Availability", 0, IF(AND(#REF!="Y", OR(F41>2,#REF!> 0)), 1, 0)) -> #REF! | S41: =_xlfn.XLOOKUP(E41,DelayData!C:C,DelayData!E:E,"Not Found") -> 8 | T41: =tbl_master[[#This Row],[Delay Mins]] -> 8 | U41: =S40 -> 27 | V41: {=IF(V5COUNT(S41:S43)<3,"",AVERAGE(S41:S43))} -> #NAME? | W41: =0.5*T41 + 0.3*U41 + 0.2*V41 -> #NAME? | X41: =S41 - W41 -> #NAME? | Y41: =ABS(S41 - W41) -> #NAME?
A42: 171340 | B42: 46056 | C42: 1S21 | D42: 15:03 KINGS X to EDINBURGH | E42: DONCLCJ DON | F42: 3 | G42: 9 | H42: 43783 | I42: MHB2 | J42: MP | K42: Accepted | N42: =IF(L42="Availability", 0, IF(AND(#REF!="Y", OR(F42>2,#REF!> 0)), 1, 0)) -> #REF! | S42: =_xlfn.XLOOKUP(E42,DelayData!C:C,DelayData!E:E,"Not Found") -> 0 | T42: =tbl_master[[#This Row],[Delay Mins]] -> 0 | U42: =S41 -> 8 | V42: {=IF(V5COUNT(S42:S44)<3,"",AVERAGE(S42:S44))} -> #NAME? | W42: =0.5*T42 + 0.3*U42 + 0.2*V42 -> #NAME? | X42: =S42 - W42 -> #NAME? | Y42: =ABS(S42 - W42) -> #NAME?
A43: 170578 | B43: 46056 | C43: 1Y10 | D43: 09:27 NCASTLCEN to KINGS X | E43: NTR THI | F43: 21 | G43: 43 | H43: 43700 | I43: MHB2 | K43: New | N43: =IF(L43="Availability", 0, IF(AND(#REF!="Y", OR(F43>2,#REF!> 0)), 1, 0)) -> #REF! | S43: =_xlfn.XLOOKUP(E43,DelayData!C:C,DelayData!E:E,"Not Found") -> 23 | T43: =tbl_master[[#This Row],[Delay Mins]] -> 23 | U43: =S42 -> 0 | V43: {=IF(V5COUNT(S43:S45)<3,"",AVERAGE(S43:S45))} -> #NAME? | W43: =0.5*T43 + 0.3*U43 + 0.2*V43 -> #NAME? | X43: =S43 - W43 -> #NAME? | Y43: =ABS(S43 - W43) -> #NAME?
A44: 169891 | B44: 46056 | C44: 5A05 | D44: 05:35 Neville Hill T&R.S.M.D - Leeds | E44: XNL | F44: 14 | G44: 14 | I44: MHBM | K44: New | N44: =IF(L44="Availability", 0, IF(AND(#REF!="Y", OR(F44>2,#REF!> 0)), 1, 0)) -> #REF! | S44: =_xlfn.XLOOKUP(E44,DelayData!C:C,DelayData!E:E,"Not Found") -> 27 | T44: =tbl_master[[#This Row],[Delay Mins]] -> 27 | U44: =S43 -> 23 | V44: {=IF(V5COUNT(S44:S46)<3,"",AVERAGE(S44:S46))} -> #NAME? | W44: =0.5*T44 + 0.3*U44 + 0.2*V44 -> #NAME? | X44: =S44 - W44 -> #NAME? | Y44: =ABS(S44 - W44) -> #NAME?
A45: 169595 | B45: 46056 | C45: 1S32 | D45: 20:03 KINGS X to EDINBURGH | E45: GRA NNG | F45: 2 | G45: 2 | H45: 43782 | I45: MHB2 | K45: Pending | N45: =IF(L45="Availability", 0, IF(AND(#REF!="Y", OR(F45>2,#REF!> 0)), 1, 0)) -> #REF! | S45: =_xlfn.XLOOKUP(E45,DelayData!C:C,DelayData!E:E,"Not Found") -> 11 | T45: =tbl_master[[#This Row],[Delay Mins]] -> 11 | U45: =S44 -> 27 | V45: {=IF(V5COUNT(S45:S47)<3,"",AVERAGE(S45:S47))} -> #NAME? | W45: =0.5*T45 + 0.3*U45 + 0.2*V45 -> #NAME? | X45: =S45 - W45 -> #NAME? | Y45: =ABS(S45 - W45) -> #NAME?
A46: 168684 | B46: 46055 | C46: 1N09 | D46: 14:33 KINGS X to NCASTLCEN | E46: TOLERTN THI | F46: 105 | G46: 188 | H46: 43584 | I46: THBQ | J46: TY | K46: Accepted | N46: =IF(L46="Availability", 0, IF(AND(#REF!="Y", OR(F46>2,#REF!> 0)), 1, 0)) -> #REF! | S46: =_xlfn.XLOOKUP(E46,DelayData!C:C,DelayData!E:E,"Not Found") -> 0 | T46: =tbl_master[[#This Row],[Delay Mins]] -> 0 | U46: =S45 -> 11 | V46: {=IF(V5COUNT(S46:S48)<3,"",AVERAGE(S46:S48))} -> #NAME? | W46: =0.5*T46 + 0.3*U46 + 0.2*V46 -> #NAME? | X46: =S46 - W46 -> #NAME? | Y46: =ABS(S46 - W46) -> #NAME?
A47: 168514 | B47: 46055 | C47: 1A22 | D47: 13:40 LEEDS to KINGS X | E47: PBO | F47: 3 | G47: 3 | H47: 43859 | I47: MHBV | K47: New | N47: =IF(L47="Availability", 0, IF(AND(#REF!="Y", OR(F47>2,#REF!> 0)), 1, 0)) -> #REF! | S47: =_xlfn.XLOOKUP(E47,DelayData!C:C,DelayData!E:E,"Not Found") -> 0 | T47: =tbl_master[[#This Row],[Delay Mins]] -> 0 | U47: =S46 -> 0 | V47: {=IF(V5COUNT(S47:S49)<3,"",AVERAGE(S47:S49))} -> #NAME? | W47: =0.5*T47 + 0.3*U47 + 0.2*V47 -> #NAME? | X47: =S47 - W47 -> #NAME? | Y47: =ABS(S47 - W47) -> #NAME?
A48: 168071 | B48: 46055 | C48: 1D03 | D48: 06:40 KINGS X to HARROGATE | E48: N/A | F48: 0 | G48: 0 | H48: 43782 | I48: MHB1 | K48: New | N48: =IF(L48="Availability", 0, IF(AND(#REF!="Y", OR(F48>2,#REF!> 0)), 1, 0)) -> #REF! | S48: =_xlfn.XLOOKUP(E48,DelayData!C:C,DelayData!E:E,"Not Found") -> 0 | T48: =tbl_master[[#This Row],[Delay Mins]] -> 0 | U48: =S47 -> 0 | V48: {=IF(V5COUNT(S48:S50)<3,"",AVERAGE(S48:S50))} -> #NAME? | W48: =0.5*T48 + 0.3*U48 + 0.2*V48 -> #NAME? | X48: =S48 - W48 -> #NAME? | Y48: =ABS(S48 - W48) -> #NAME?
A49: 164816 | B49: 46053 | D49: 16:27 NCASTLCEN to PETERBORO | E49: NCL | F49: 23 | G49: 42 | H49: 43998 | I49: MHBN | K49: New | N49: =IF(L49="Availability", 0, IF(AND(#REF!="Y", OR(F49>2,#REF!> 0)), 1, 0)) -> #REF! | S49: =_xlfn.XLOOKUP(E49,DelayData!C:C,DelayData!E:E,"Not Found") -> 12 | T49: =tbl_master[[#This Row],[Delay Mins]] -> 12 | U49: =S48 -> 0 | V49: {=IF(V5COUNT(S49:S51)<3,"",AVERAGE(S49:S51))} -> #NAME? | W49: =0.5*T49 + 0.3*U49 + 0.2*V49 -> #NAME? | X49: =S49 - W49 -> #NAME? | Y49: =ABS(S49 - W49) -> #NAME?
A50: 163696 | B50: 46053 | C50: 3S02 | D50: 05:23 NEVHILL D to DONCASTER | E50: XNL | F50: 5 | G50: 5 | H50: 43868 | I50: MHBM | K50: New | N50: =IF(L50="Availability", 0, IF(AND(#REF!="Y", OR(F50>2,#REF!> 0)), 1, 0)) -> #REF! | S50: =_xlfn.XLOOKUP(E50,DelayData!C:C,DelayData!E:E,"Not Found") -> 27 | T50: =tbl_master[[#This Row],[Delay Mins]] -> 27 | U50: =S49 -> 12 | V50: {=IF(V5COUNT(S50:S52)<3,"",AVERAGE(S50:S52))} -> #NAME? | W50: =0.5*T50 + 0.3*U50 + 0.2*V50 -> #NAME? | X50: =S50 - W50 -> #NAME? | Y50: =ABS(S50 - W50) -> #NAME?
A51: 163621 | B51: 46053 | C51: 5S01 | D51: 04:25 DONCARIEP to DONCASTER | E51: DONCIEP | F51: 11 | G51: 11 | H51: 43578 | I51: MHBH | J51: MU | K51: Accepted | N51: =IF(L51="Availability", 0, IF(AND(#REF!="Y", OR(F51>2,#REF!> 0)), 1, 0)) -> #REF! | S51: =_xlfn.XLOOKUP(E51,DelayData!C:C,DelayData!E:E,"Not Found") -> 3 | T51: =tbl_master[[#This Row],[Delay Mins]] -> 3 | U51: =S50 -> 27 | V51: {=IF(V5COUNT(S51:S53)<3,"",AVERAGE(S51:S53))} -> #NAME? | W51: =0.5*T51 + 0.3*U51 + 0.2*V51 -> #NAME? | X51: =S51 - W51 -> #NAME? | Y51: =ABS(S51 - W51) -> #NAME?
A52: 163330 | B52: 46052 | C52: 1N35 | D52: 23:08 London Kings Cross to York | E52: AAP PBR | F52: 9 | G52: 9 | I52: MHBA | K52: Pending | N52: =IF(L52="Availability", 0, IF(AND(#REF!="Y", OR(F52>2,#REF!> 0)), 1, 0)) -> #REF! | S52: =_xlfn.XLOOKUP(E52,DelayData!C:C,DelayData!E:E,"Not Found") -> 0 | T52: =tbl_master[[#This Row],[Delay Mins]] -> 0 | U52: =S51 -> 3 | V52: {=IF(V5COUNT(S52:S54)<3,"",AVERAGE(S52:S54))} -> #NAME? | W52: =0.5*T52 + 0.3*U52 + 0.2*V52 -> #NAME? | X52: =S52 - W52 -> #NAME? | Y52: =ABS(S52 - W52) -> #NAME?
A53: 163224 | B53: 46052 | C53: 5E01 | D53: 21:44 CRAIGNTNY to EDINBURGH | E53: XCN | F53: 24 | G53: 24 | H53: 43783 | I53: MHBK | K53: New | N53: =IF(L53="Availability", 0, IF(AND(#REF!="Y", OR(F53>2,#REF!> 0)), 1, 0)) -> #REF! | S53: =_xlfn.XLOOKUP(E53,DelayData!C:C,DelayData!E:E,"Not Found") -> 2 | T53: =tbl_master[[#This Row],[Delay Mins]] -> 2 | U53: =S52 -> 0 | V53: {=IF(V5COUNT(S53:S55)<3,"",AVERAGE(S53:S55))} -> #NAME? | W53: =0.5*T53 + 0.3*U53 + 0.2*V53 -> #NAME? | X53: =S53 - W53 -> #NAME? | Y53: =ABS(S53 - W53) -> #NAME?
A54: 162583 | B54: 46052 | D54: 16:27 NCASTLCEN to KINGS X | E54: DAR | F54: 5 | G54: 7 | H54: 43700 | I54: MHB2 | K54: New | N54: =IF(L54="Availability", 0, IF(AND(#REF!="Y", OR(F54>2,#REF!> 0)), 1, 0)) -> #REF! | S54: =_xlfn.XLOOKUP(E54,DelayData!C:C,DelayData!E:E,"Not Found") -> 0 | T54: =tbl_master[[#This Row],[Delay Mins]] -> 0 | U54: =S53 -> 2 | V54: {=IF(V5COUNT(S54:S56)<3,"",AVERAGE(S54:S56))} -> #NAME? | W54: =0.5*T54 + 0.3*U54 + 0.2*V54 -> #NAME? | X54: =S54 - W54 -> #NAME? | Y54: =ABS(S54 - W54) -> #NAME?
A55: 162457 | B55: 46052 | C55: 1Y18 | D55: 16:27 NCASTLCEN to KINGS X | E55: NCL | F55: 10 | G55: 54 | H55: 43700 | I55: MHB2 | K55: New | N55: =IF(L55="Availability", 0, IF(AND(#REF!="Y", OR(F55>2,#REF!> 0)), 1, 0)) -> #REF! | S55: =_xlfn.XLOOKUP(E55,DelayData!C:C,DelayData!E:E,"Not Found") -> 12 | T55: =tbl_master[[#This Row],[Delay Mins]] -> 12 | U55: =S54 -> 0 | V55: {=IF(V5COUNT(S55:S57)<3,"",AVERAGE(S55:S57))} -> #NAME? | W55: =0.5*T55 + 0.3*U55 + 0.2*V55 -> #NAME? | X55: =S55 - W55 -> #NAME? | Y55: =ABS(S55 - W55) -> #NAME?
A56: 162172 | B56: 46052 | C56: 1E13 | D56: 07:55 INVERNESS to KINGS X | E56: DON | F56: 0 | G56: 7 | H56: 43532 | I56: MHB1 | K56: New | N56: =IF(L56="Availability", 0, IF(AND(#REF!="Y", OR(F56>2,#REF!> 0)), 1, 0)) -> #REF! | S56: =_xlfn.XLOOKUP(E56,DelayData!C:C,DelayData!E:E,"Not Found") -> 3 | T56: =tbl_master[[#This Row],[Delay Mins]] -> 3 | U56: =S55 -> 12 | V56: {=IF(V5COUNT(S56:S58)<3,"",AVERAGE(S56:S58))} -> #NAME? | W56: =0.5*T56 + 0.3*U56 + 0.2*V56 -> #NAME? | X56: =S56 - W56 -> #NAME? | Y56: =ABS(S56 - W56) -> #NAME?
A57: 161953 | B57: 46052 | D57: 08:30 EDINBURGH to KINGS X | E57: MPT HTONSJN | F57: 2 | G57: 9 | H57: 44064 | I57: MHB2 | K57: New | N57: =IF(L57="Availability", 0, IF(AND(#REF!="Y", OR(F57>2,#REF!> 0)), 1, 0)) -> #REF! | S57: =_xlfn.XLOOKUP(E57,DelayData!C:C,DelayData!E:E,"Not Found") -> 0 | T57: =tbl_master[[#This Row],[Delay Mins]] -> 0 | U57: =S56 -> 3 | V57: {=IF(V5COUNT(S57:S59)<3,"",AVERAGE(S57:S59))} -> #NAME? | W57: =0.5*T57 + 0.3*U57 + 0.2*V57 -> #NAME? | X57: =S57 - W57 -> #NAME? | Y57: =ABS(S57 - W57) -> #NAME?
A58: 161902 | B58: 46052 | C58: 1E07 | D58: 08:30 EDINBURGH to KINGS X | E58: GTHS MARSHALM | F58: 12 | G58: 26 | H58: 44064 | I58: MHB2 | J58: MN | K58: Accepted | N58: =IF(L58="Availability", 0, IF(AND(#REF!="Y", OR(F58>2,#REF!> 0)), 1, 0)) -> #REF! | S58: =_xlfn.XLOOKUP(E58,DelayData!C:C,DelayData!E:E,"Not Found") -> 14 | T58: =tbl_master[[#This Row],[Delay Mins]] -> 14 | U58: =S57 -> 0 | V58: {=IF(V5COUNT(S58:S60)<3,"",AVERAGE(S58:S60))} -> #NAME? | W58: =0.5*T58 + 0.3*U58 + 0.2*V58 -> #NAME? | X58: =S58 - W58 -> #NAME? | Y58: =ABS(S58 - W58) -> #NAME?
A59: 161530 | B59: 46052 | C59: 1E13 | D59: 07:55 INVERNESS to KINGS X | E59: AVM | F59: 3 | G59: 3 | H59: 43532 | I59: MHBV | J59: MF | K59: Accepted | N59: =IF(L59="Availability", 0, IF(AND(#REF!="Y", OR(F59>2,#REF!> 0)), 1, 0)) -> #REF! | S59: =_xlfn.XLOOKUP(E59,DelayData!C:C,DelayData!E:E,"Not Found") -> 0 | T59: =tbl_master[[#This Row],[Delay Mins]] -> 0 | U59: =S58 -> 14 | V59: {=IF(V5COUNT(S59:S61)<3,"",AVERAGE(S59:S61))} -> #NAME? | W59: =0.5*T59 + 0.3*U59 + 0.2*V59 -> #NAME? | X59: =S59 - W59 -> #NAME? | Y59: =ABS(S59 - W59) -> #NAME?
A60: 161527 | B60: 46052 | C60: 1E13 | D60: 07:55 INVERNESS to KINGS X | E60: INV AVM | F60: 3 | G60: 3 | H60: 43532 | I60: MHB1 | J60: MD | K60: Accepted | N60: =IF(L60="Availability", 0, IF(AND(#REF!="Y", OR(F60>2,#REF!> 0)), 1, 0)) -> #REF! | S60: =_xlfn.XLOOKUP(E60,DelayData!C:C,DelayData!E:E,"Not Found") -> 0 | T60: =tbl_master[[#This Row],[Delay Mins]] -> 0 | U60: =S59 -> 0 | V60: {=IF(V5COUNT(S60:S62)<3,"",AVERAGE(S60:S62))} -> #NAME? | W60: =0.5*T60 + 0.3*U60 + 0.2*V60 -> #NAME? | X60: =S60 - W60 -> #NAME? | Y60: =ABS(S60 - W60) -> #NAME?
A61: 161383 | B61: 46052 | C61: 1N03 | D61: 08:33 KINGS X to NCASTLCEN | E61: KGX | F61: 8 | G61: 16 | H61: 43859 | I61: THBN | J61: TB | K61: Accepted | N61: =IF(L61="Availability", 0, IF(AND(#REF!="Y", OR(F61>2,#REF!> 0)), 1, 0)) -> #REF! | S61: =_xlfn.XLOOKUP(E61,DelayData!C:C,DelayData!E:E,"Not Found") -> 0 | T61: =tbl_master[[#This Row],[Delay Mins]] -> 0 | U61: =S60 -> 0 | V61: {=IF(V5COUNT(S61:S63)<3,"",AVERAGE(S61:S63))} -> #NAME? | W61: =0.5*T61 + 0.3*U61 + 0.2*V61 -> #NAME? | X61: =S61 - W61 -> #NAME? | Y61: =ABS(S61 - W61) -> #NAME?
A62: 161321 | B62: 46052 | C62: 1E05 | D62: 07:30 EDINBURGH to KINGS X | E62: EDB MNKTNHALJ | F62: 6 | G62: 9 | H62: 43572 | I62: MHB1 | K62: New | N62: =IF(L62="Availability", 0, IF(AND(#REF!="Y", OR(F62>2,#REF!> 0)), 1, 0)) -> #REF! | S62: =_xlfn.XLOOKUP(E62,DelayData!C:C,DelayData!E:E,"Not Found") -> 0 | T62: =tbl_master[[#This Row],[Delay Mins]] -> 0 | U62: =S61 -> 0 | V62: {=IF(V5COUNT(S62:S64)<3,"",AVERAGE(S62:S64))} -> #NAME? | W62: =0.5*T62 + 0.3*U62 + 0.2*V62 -> #NAME? | X62: =S62 - W62 -> #NAME? | Y62: =ABS(S62 - W62) -> #NAME?
A63: 160949 | B63: 46052 | C63: 3Y03 | D63: 04:35 DONCARIEP to YORK | E63: DONCIEP | F63: 4 | G63: 4 | H63: 43714 | I63: THB2 | J63: TG | K63: Accepted | N63: =IF(L63="Availability", 0, IF(AND(#REF!="Y", OR(F63>2,#REF!> 0)), 1, 0)) -> #REF! | S63: =_xlfn.XLOOKUP(E63,DelayData!C:C,DelayData!E:E,"Not Found") -> 3 | T63: =tbl_master[[#This Row],[Delay Mins]] -> 3 | U63: =S62 -> 0 | V63: {=IF(V5COUNT(S63:S65)<3,"",AVERAGE(S63:S65))} -> #NAME? | W63: =0.5*T63 + 0.3*U63 + 0.2*V63 -> #NAME? | X63: =S63 - W63 -> #NAME? | Y63: =ABS(S63 - W63) -> #NAME?
A64: 160943 | B64: 46052 | C64: 5S01 | D64: 04:23 DONCARIEP to DONCASTER | E64: DONCIEP | F64: 11 | G64: 11 | H64: 43536 | I64: MHBH | K64: New | N64: =IF(L64="Availability", 0, IF(AND(#REF!="Y", OR(F64>2,#REF!> 0)), 1, 0)) -> #REF! | S64: =_xlfn.XLOOKUP(E64,DelayData!C:C,DelayData!E:E,"Not Found") -> 3 | T64: =tbl_master[[#This Row],[Delay Mins]] -> 3 | U64: =S63 -> 3 | V64: {=IF(V5COUNT(S64:S66)<3,"",AVERAGE(S64:S66))} -> #NAME? | W64: =0.5*T64 + 0.3*U64 + 0.2*V64 -> #NAME? | X64: =S64 - W64 -> #NAME? | Y64: =ABS(S64 - W64) -> #NAME?
A65: 160060 | B65: 46051 | C65: 1D23 | D65: 16:39 KINGS X to HARROGATE | E65: GRA NNG | F65: 39 | G65: 227 | H65: 43920 | I65: IQIJ | K65: New | N65: =IF(L65="Availability", 0, IF(AND(#REF!="Y", OR(F65>2,#REF!> 0)), 1, 0)) -> #REF! | S65: =_xlfn.XLOOKUP(E65,DelayData!C:C,DelayData!E:E,"Not Found") -> 11 | T65: =tbl_master[[#This Row],[Delay Mins]] -> 11 | U65: =S64 -> 3 | V65: {=IF(V5COUNT(S65:S67)<3,"",AVERAGE(S65:S67))} -> #NAME? | W65: =0.5*T65 + 0.3*U65 + 0.2*V65 -> #NAME? | X65: =S65 - W65 -> #NAME? | Y65: =ABS(S65 - W65) -> #NAME?
A66: 159731 | B66: 46051 | C66: 1B89 | D66: 15:20 LINCLNCEN to KINGS X | E66: GRA | F66: 13 | G66: 16 | H66: 43714 | I66: MHB1 | K66: New | N66: =IF(L66="Availability", 0, IF(AND(#REF!="Y", OR(F66>2,#REF!> 0)), 1, 0)) -> #REF! | S66: =_xlfn.XLOOKUP(E66,DelayData!C:C,DelayData!E:E,"Not Found") -> 24 | T66: =tbl_master[[#This Row],[Delay Mins]] -> 24 | U66: =S65 -> 11 | V66: {=IF(V5COUNT(S66:S68)<3,"",AVERAGE(S66:S68))} -> #NAME? | W66: =0.5*T66 + 0.3*U66 + 0.2*V66 -> #NAME? | X66: =S66 - W66 -> #NAME? | Y66: =ABS(S66 - W66) -> #NAME?
A67: 158923 | B67: 46051 | C67: 1D08 | E67: KGX | F67: 4 | G67: 18 | I67: MHBA | K67: New | N67: =IF(L67="Availability", 0, IF(AND(#REF!="Y", OR(F67>2,#REF!> 0)), 1, 0)) -> #REF! | S67: =_xlfn.XLOOKUP(E67,DelayData!C:C,DelayData!E:E,"Not Found") -> 0 | T67: =tbl_master[[#This Row],[Delay Mins]] -> 0 | U67: =S66 -> 24 | V67: {=IF(V5COUNT(S67:S69)<3,"",AVERAGE(S67:S69))} -> #NAME? | W67: =0.5*T67 + 0.3*U67 + 0.2*V67 -> #NAME? | X67: =S67 - W67 -> #NAME? | Y67: =ABS(S67 - W67) -> #NAME?
A68: 157843 | B68: 46050 | C68: 1D32 | D68: 21:08 KINGS X to LEEDS | E68: XHO PBO | F68: 3 | G68: 3 | H68: 43672 | I68: THB2 | J68: TW | K68: Accepted | N68: =IF(L68="Availability", 0, IF(AND(#REF!="Y", OR(F68>2,#REF!> 0)), 1, 0)) -> #REF! | S68: =_xlfn.XLOOKUP(E68,DelayData!C:C,DelayData!E:E,"Not Found") -> 0 | T68: =tbl_master[[#This Row],[Delay Mins]] -> 0 | U68: =S67 -> 0 | V68: {=IF(V5COUNT(S68:S70)<3,"",AVERAGE(S68:S70))} -> #NAME? | W68: =0.5*T68 + 0.3*U68 + 0.2*V68 -> #NAME? | X68: =S68 - W68 -> #NAME? | Y68: =ABS(S68 - W68) -> #NAME?
A69: 157818 | B69: 46050 | C69: 1E32 | D69: 21:19 CRAIGNTNY to EDINBURGH | E69: XCN | F69: 6 | G69: 10 | H69: 43998 | I69: THBN | J69: TB | K69: Accepted | N69: =IF(L69="Availability", 0, IF(AND(#REF!="Y", OR(F69>2,#REF!> 0)), 1, 0)) -> #REF! | S69: =_xlfn.XLOOKUP(E69,DelayData!C:C,DelayData!E:E,"Not Found") -> 2 | T69: =tbl_master[[#This Row],[Delay Mins]] -> 2 | U69: =S68 -> 0 | V69: {=IF(V5COUNT(S69:S71)<3,"",AVERAGE(S69:S71))} -> #NAME? | W69: =0.5*T69 + 0.3*U69 + 0.2*V69 -> #NAME? | X69: =S69 - W69 -> #NAME? | Y69: =ABS(S69 - W69) -> #NAME?
A70: 156801 | B70: 46050 | C70: 1S09 | D70: 09:03 KINGS X to EDINBURGH | E70: MPT ALM | F70: 6 | G70: 6 | H70: 43843 | I70: MHB2 | K70: New | N70: =IF(L70="Availability", 0, IF(AND(#REF!="Y", OR(F70>2,#REF!> 0)), 1, 0)) -> #REF! | S70: =_xlfn.XLOOKUP(E70,DelayData!C:C,DelayData!E:E,"Not Found") -> 0 | T70: =tbl_master[[#This Row],[Delay Mins]] -> 0 | U70: =S69 -> 2 | V70: {=IF(V5COUNT(S70:S72)<3,"",AVERAGE(S70:S72))} -> #NAME? | W70: =0.5*T70 + 0.3*U70 + 0.2*V70 -> #NAME? | X70: =S70 - W70 -> #NAME? | Y70: =ABS(S70 - W70) -> #NAME?
A71: 156719 | B71: 46050 | C71: 1S12 | D71: 10:30 KINGS X to EDINBURGH | E71: YRK | F71: 39 | G71: 69 | H71: 43943 | I71: MHB2 | J71: MD | K71: Accepted | N71: =IF(L71="Availability", 0, IF(AND(#REF!="Y", OR(F71>2,#REF!> 0)), 1, 0)) -> #REF! | S71: =_xlfn.XLOOKUP(E71,DelayData!C:C,DelayData!E:E,"Not Found") -> 0 | T71: =tbl_master[[#This Row],[Delay Mins]] -> 0 | U71: =S70 -> 0 | V71: {=IF(V5COUNT(S71:S73)<3,"",AVERAGE(S71:S73))} -> #NAME? | W71: =0.5*T71 + 0.3*U71 + 0.2*V71 -> #NAME? | X71: =S71 - W71 -> #NAME? | Y71: =ABS(S71 - W71) -> #NAME?
A72: 156693 | B72: 46050 | C72: 1Y83 | D72: 12:27 YORK to KINGS X | E72: YRK | F72: 0 | G72: 7 | H72: 43728 | I72: MHB2 | J72: M2 | K72: Accepted | N72: =IF(L72="Availability", 0, IF(AND(#REF!="Y", OR(F72>2,#REF!> 0)), 1, 0)) -> #REF! | S72: =_xlfn.XLOOKUP(E72,DelayData!C:C,DelayData!E:E,"Not Found") -> 0 | T72: =tbl_master[[#This Row],[Delay Mins]] -> 0 | U72: =S71 -> 0 | V72: {=IF(V5COUNT(S72:S74)<3,"",AVERAGE(S72:S74))} -> #NAME? | W72: =0.5*T72 + 0.3*U72 + 0.2*V72 -> #NAME? | X72: =S72 - W72 -> #NAME? | Y72: =ABS(S72 - W72) -> #NAME?
A73: 156663 | B73: 46050 | C73: 1A19 | D73: 11:37 Bradford Forster Square - London Kings Cross | E73: LDS | F73: 22 | G73: 435 | I73: MHBA | J73: MB | K73: Accepted | N73: =IF(L73="Availability", 0, IF(AND(#REF!="Y", OR(F73>2,#REF!> 0)), 1, 0)) -> #REF! | S73: =_xlfn.XLOOKUP(E73,DelayData!C:C,DelayData!E:E,"Not Found") -> 0 | T73: =tbl_master[[#This Row],[Delay Mins]] -> 0 | U73: =S72 -> 0 | V73: {=IF(V5COUNT(S73:S75)<3,"",AVERAGE(S73:S75))} -> #NAME? | W73: =0.5*T73 + 0.3*U73 + 0.2*V73 -> #NAME? | X73: =S73 - W73 -> #NAME? | Y73: =ABS(S73 - W73) -> #NAME?
A74: 155833 | B74: 46050 | D74: 06:25 BOUNDGNCS to KINGS X | E74: BNDSGRN | F74: 22 | G74: 24 | H74: 43868 | I74: MHBJ | K74: New | N74: =IF(L74="Availability", 0, IF(AND(#REF!="Y", OR(F74>2,#REF!> 0)), 1, 0)) -> #REF! | S74: =_xlfn.XLOOKUP(E74,DelayData!C:C,DelayData!E:E,"Not Found") -> 101 | T74: =tbl_master[[#This Row],[Delay Mins]] -> 101 | U74: =S73 -> 0 | V74: {=IF(V5COUNT(S74:S76)<3,"",AVERAGE(S74:S76))} -> #NAME? | W74: =0.5*T74 + 0.3*U74 + 0.2*V74 -> #NAME? | X74: =S74 - W74 -> #NAME? | Y74: =ABS(S74 - W74) -> #NAME?
A75: 155682 | B75: 46050 | C75: 5A05 | D75: 05:35 Neville Hill T&R.S.M.D - Leeds | E75: XNL | F75: 8 | G75: 8 | I75: MHBM | K75: New | N75: =IF(L75="Availability", 0, IF(AND(#REF!="Y", OR(F75>2,#REF!> 0)), 1, 0)) -> #REF! | S75: =_xlfn.XLOOKUP(E75,DelayData!C:C,DelayData!E:E,"Not Found") -> 27 | T75: =tbl_master[[#This Row],[Delay Mins]] -> 27 | U75: =S74 -> 101 | V75: {=IF(V5COUNT(S75:S77)<3,"",AVERAGE(S75:S77))} -> #NAME? | W75: =0.5*T75 + 0.3*U75 + 0.2*V75 -> #NAME? | X75: =S75 - W75 -> #NAME? | Y75: =ABS(S75 - W75) -> #NAME?
A76: 155663 | B76: 46050 | C76: 3A10 | D76: 05:25 Neville Hill T&R.S.M.D - Skipton | E76: 3A10 | F76: 7 | G76: 7 | I76: MHBM | K76: New | N76: =IF(L76="Availability", 0, IF(AND(#REF!="Y", OR(F76>2,#REF!> 0)), 1, 0)) -> #REF! | S76: =_xlfn.XLOOKUP(E76,DelayData!C:C,DelayData!E:E,"Not Found") -> Not Found | T76: =tbl_master[[#This Row],[Delay Mins]] -> Not Found | U76: =S75 -> 27 | V76: {=IF(V5COUNT(S76:S78)<3,"",AVERAGE(S76:S78))} -> #NAME? | W76: =0.5*T76 + 0.3*U76 + 0.2*V76 -> #VALUE! | X76: =S76 - W76 -> #VALUE! | Y76: =ABS(S76 - W76) -> #VALUE!
A77: 155653 | B77: 46050 | C77: 3A08 | D77: 05:12 NEVHILL D to HARROGATE | E77: XNL | F77: 5 | G77: 5 | H77: 43545 | I77: MHBM | J77: MU | K77: Accepted | N77: =IF(L77="Availability", 0, IF(AND(#REF!="Y", OR(F77>2,#REF!> 0)), 1, 0)) -> #REF! | S77: =_xlfn.XLOOKUP(E77,DelayData!C:C,DelayData!E:E,"Not Found") -> 27 | T77: =tbl_master[[#This Row],[Delay Mins]] -> 27 | U77: =S76 -> Not Found | V77: {=IF(V5COUNT(S77:S79)<3,"",AVERAGE(S77:S79))} -> #NAME? | W77: =0.5*T77 + 0.3*U77 + 0.2*V77 -> #VALUE! | X77: =S77 - W77 -> #VALUE! | Y77: =ABS(S77 - W77) -> #VALUE!
A78: 155636 | B78: 46050 | C78: 3S02 | D78: 05:00 NEVHILL D to DONCASTER | E78: XNL | F78: 7 | G78: 7 | H78: 43964 | I78: MHBM | J78: MU | K78: Accepted | N78: =IF(L78="Availability", 0, IF(AND(#REF!="Y", OR(F78>2,#REF!> 0)), 1, 0)) -> #REF! | S78: =_xlfn.XLOOKUP(E78,DelayData!C:C,DelayData!E:E,"Not Found") -> 27 | T78: =tbl_master[[#This Row],[Delay Mins]] -> 27 | U78: =S77 -> 27 | V78: {=IF(V5COUNT(S78:S80)<3,"",AVERAGE(S78:S80))} -> #NAME? | W78: =0.5*T78 + 0.3*U78 + 0.2*V78 -> #NAME? | X78: =S78 - W78 -> #NAME? | Y78: =ABS(S78 - W78) -> #NAME?
A79: 156 | B79: 46050 | D79: 10:30 KINGS X to EDINBURGH | E79: YRK | F79: 39 | G79: 69 | H79: 43943 | I79: MHB2 | K79: New | N79: =IF(L79="Availability", 0, IF(AND(#REF!="Y", OR(F79>2,#REF!> 0)), 1, 0)) -> #REF! | S79: =_xlfn.XLOOKUP(E79,DelayData!C:C,DelayData!E:E,"Not Found") -> 0 | T79: =tbl_master[[#This Row],[Delay Mins]] -> 0 | U79: =S78 -> 27 | V79: {=IF(V5COUNT(S79:S81)<3,"",AVERAGE(S79:S81))} -> #NAME? | W79: =0.5*T79 + 0.3*U79 + 0.2*V79 -> #NAME? | X79: =S79 - W79 -> #NAME? | Y79: =ABS(S79 - W79) -> #NAME?
A80: 154783 | B80: 46049 | D80: 15:03 KINGS X to EDINBURGH | E80: NCL | F80: 5 | G80: 5 | H80: 43896 | I80: MHBR | K80: New | N80: =IF(L80="Availability", 0, IF(AND(#REF!="Y", OR(F80>2,#REF!> 0)), 1, 0)) -> #REF! | S80: =_xlfn.XLOOKUP(E80,DelayData!C:C,DelayData!E:E,"Not Found") -> 12 | T80: =tbl_master[[#This Row],[Delay Mins]] -> 12 | U80: =S79 -> 0 | V80: {=IF(V5COUNT(S80:S82)<3,"",AVERAGE(S80:S82))} -> #NAME? | W80: =0.5*T80 + 0.3*U80 + 0.2*V80 -> #NAME? | X80: =S80 - W80 -> #NAME? | Y80: =ABS(S80 - W80) -> #NAME?
A81: 154667 | B81: 46049 | D81: 18:30 KINGS X to EDINBURGH | E81: KINGS X | F81: 0 | G81: 0 | H81: 43943 | I81: MHB2 | K81: New | N81: =IF(L81="Availability", 0, IF(AND(#REF!="Y", OR(F81>2,#REF!> 0)), 1, 0)) -> #REF! | S81: =_xlfn.XLOOKUP(E81,DelayData!C:C,DelayData!E:E,"Not Found") -> 39 | T81: =tbl_master[[#This Row],[Delay Mins]] -> 39 | U81: =S80 -> 12 | V81: {=IF(V5COUNT(S81:S83)<3,"",AVERAGE(S81:S83))} -> #NAME? | W81: =0.5*T81 + 0.3*U81 + 0.2*V81 -> #NAME? | X81: =S81 - W81 -> #NAME? | Y81: =ABS(S81 - W81) -> #NAME?
A82: 154662 | B82: 46049 | D82: 18:09 KINGS X to HULL | E82: KGX | F82: 0 | G82: 7 | H82: 43714 | I82: MHB1 | K82: New | N82: =IF(L82="Availability", 0, IF(AND(#REF!="Y", OR(F82>2,#REF!> 0)), 1, 0)) -> #REF! | S82: =_xlfn.XLOOKUP(E82,DelayData!C:C,DelayData!E:E,"Not Found") -> 0 | T82: =tbl_master[[#This Row],[Delay Mins]] -> 0 | U82: =S81 -> 39 | V82: {=IF(V5COUNT(S82:S84)<3,"",AVERAGE(S82:S84))} -> #NAME? | W82: =0.5*T82 + 0.3*U82 + 0.2*V82 -> #NAME? | X82: =S82 - W82 -> #NAME? | Y82: =ABS(S82 - W82) -> #NAME?
A83: 154459 | B83: 46049 | D83: 12:47 KINGS X to LINCLNCEN | E83: N/A | F83: 0 | G83: 0 | H83: 43672 | I83: MHB1 | K83: New | N83: =IF(L83="Availability", 0, IF(AND(#REF!="Y", OR(F83>2,#REF!> 0)), 1, 0)) -> #REF! | S83: =_xlfn.XLOOKUP(E83,DelayData!C:C,DelayData!E:E,"Not Found") -> 0 | T83: =tbl_master[[#This Row],[Delay Mins]] -> 0 | U83: =S82 -> 0 | V83: {=IF(V5COUNT(S83:S85)<3,"",AVERAGE(S83:S85))} -> #NAME? | W83: =0.5*T83 + 0.3*U83 + 0.2*V83 -> #NAME? | X83: =S83 - W83 -> #NAME? | Y83: =ABS(S83 - W83) -> #NAME?
A84: 153582 | B84: 46049 | C84: 1A15 | D84: 09:37 BRADFORSQ to KINGS X | E84: AWK | F84: 13 | G84: 20 | H84: 43714 | I84: MHB1 | J84: M2 | K84: Accepted | N84: =IF(L84="Availability", 0, IF(AND(#REF!="Y", OR(F84>2,#REF!> 0)), 1, 0)) -> #REF! | S84: =_xlfn.XLOOKUP(E84,DelayData!C:C,DelayData!E:E,"Not Found") -> 0 | T84: =tbl_master[[#This Row],[Delay Mins]] -> 0 | U84: =S83 -> 0 | V84: {=IF(V5COUNT(S84:S86)<3,"",AVERAGE(S84:S86))} -> #NAME? | W84: =0.5*T84 + 0.3*U84 + 0.2*V84 -> #NAME? | X84: =S84 - W84 -> #NAME? | Y84: =ABS(S84 - W84) -> #NAME?
A85: 153483 | B85: 46049 | C85: 1S09 | D85: 09:03 KINGS X to EDINBURGH | E85: PBO | F85: 4 | G85: 4 | H85: 43943 | I85: MHB2 | J85: M2 | K85: Accepted | N85: =IF(L85="Availability", 0, IF(AND(#REF!="Y", OR(F85>2,#REF!> 0)), 1, 0)) -> #REF! | S85: =_xlfn.XLOOKUP(E85,DelayData!C:C,DelayData!E:E,"Not Found") -> 0 | T85: =tbl_master[[#This Row],[Delay Mins]] -> 0 | U85: =S84 -> 0 | V85: {=IF(V5COUNT(S85:S87)<3,"",AVERAGE(S85:S87))} -> #NAME? | W85: =0.5*T85 + 0.3*U85 + 0.2*V85 -> #NAME? | X85: =S85 - W85 -> #NAME? | Y85: =ABS(S85 - W85) -> #NAME?
A86: 153390 | B86: 46049 | C86: 1D05 | D86: 07:39 London Kings Cross - Bradford Forster Square | E86: DON | F86: 4 | G86: 4 | I86: MHBB | J86: M7 | K86: Accepted | N86: =IF(L86="Availability", 0, IF(AND(#REF!="Y", OR(F86>2,#REF!> 0)), 1, 0)) -> #REF! | S86: =_xlfn.XLOOKUP(E86,DelayData!C:C,DelayData!E:E,"Not Found") -> 3 | T86: =tbl_master[[#This Row],[Delay Mins]] -> 3 | U86: =S85 -> 0 | V86: {=IF(V5COUNT(S86:S88)<3,"",AVERAGE(S86:S88))} -> #NAME? | W86: =0.5*T86 + 0.3*U86 + 0.2*V86 -> #NAME? | X86: =S86 - W86 -> #NAME? | Y86: =ABS(S86 - W86) -> #NAME?
A87: 153205 | B87: 46049 | C87: 3S08 | D87: 08:11 NEVHILL D to DONCASTER | E87: N/A | F87: 11 | G87: 15 | H87: 43843 | I87: MHBM | J87: MU | K87: Accepted | N87: =IF(L87="Availability", 0, IF(AND(#REF!="Y", OR(F87>2,#REF!> 0)), 1, 0)) -> #REF! | S87: =_xlfn.XLOOKUP(E87,DelayData!C:C,DelayData!E:E,"Not Found") -> 0 | T87: =tbl_master[[#This Row],[Delay Mins]] -> 0 | U87: =S86 -> 3 | V87: {=IF(V5COUNT(S87:S89)<3,"",AVERAGE(S87:S89))} -> #NAME? | W87: =0.5*T87 + 0.3*U87 + 0.2*V87 -> #NAME? | X87: =S87 - W87 -> #NAME? | Y87: =ABS(S87 - W87) -> #NAME?
A88: 152900 | B88: 46049 | C88: 1E02 | D88: 05:50 EDINBURGH to KINGS X | E88: BWK BELFORD | F88: 94 | G88: 345 | H88: 43957 | I88: MHB2 | J88: MN | K88: Accepted | N88: =IF(L88="Availability", 0, IF(AND(#REF!="Y", OR(F88>2,#REF!> 0)), 1, 0)) -> #REF! | S88: =_xlfn.XLOOKUP(E88,DelayData!C:C,DelayData!E:E,"Not Found") -> 0 | T88: =tbl_master[[#This Row],[Delay Mins]] -> 0 | U88: =S87 -> 0 | V88: {=IF(V5COUNT(S88:S90)<3,"",AVERAGE(S88:S90))} -> #NAME? | W88: =0.5*T88 + 0.3*U88 + 0.2*V88 -> #NAME? | X88: =S88 - W88 -> #NAME? | Y88: =ABS(S88 - W88) -> #NAME?
A89: 152814 | B89: 46049 | C89: 1Y01 | D89: 04:40 York - London Kings Cross | E89: PBO | F89: 6 | G89: 6 | I89: MHBB | J89: M7 | K89: Accepted | N89: =IF(L89="Availability", 0, IF(AND(#REF!="Y", OR(F89>2,#REF!> 0)), 1, 0)) -> #REF! | S89: =_xlfn.XLOOKUP(E89,DelayData!C:C,DelayData!E:E,"Not Found") -> 0 | T89: =tbl_master[[#This Row],[Delay Mins]] -> 0 | U89: =S88 -> 0 | V89: {=IF(V5COUNT(S89:S91)<3,"",AVERAGE(S89:S91))} -> #NAME? | W89: =0.5*T89 + 0.3*U89 + 0.2*V89 -> #NAME? | X89: =S89 - W89 -> #NAME? | Y89: =ABS(S89 - W89) -> #NAME?
A90: 152718 | B90: 46049 | C90: 5A05 | D90: 05:35 Neville Hill T&R.S.M.D - Leeds | E90: XNL | F90: 5 | G90: 5 | I90: MHBM | K90: New | N90: =IF(L90="Availability", 0, IF(AND(#REF!="Y", OR(F90>2,#REF!> 0)), 1, 0)) -> #REF! | S90: =_xlfn.XLOOKUP(E90,DelayData!C:C,DelayData!E:E,"Not Found") -> 27 | T90: =tbl_master[[#This Row],[Delay Mins]] -> 27 | U90: =S89 -> 0 | V90: {=IF(V5COUNT(S90:S92)<3,"",AVERAGE(S90:S92))} -> #NAME? | W90: =0.5*T90 + 0.3*U90 + 0.2*V90 -> #NAME? | X90: =S90 - W90 -> #NAME? | Y90: =ABS(S90 - W90) -> #NAME?
A91: 152711 | B91: 46049 | C91: 3A10 | D91: 05:25 Neville Hill T&R.S.M.D - Skipton | E91: XNL | F91: 3 | G91: 3 | I91: MHBM | K91: New | N91: =IF(L91="Availability", 0, IF(AND(#REF!="Y", OR(F91>2,#REF!> 0)), 1, 0)) -> #REF! | S91: =_xlfn.XLOOKUP(E91,DelayData!C:C,DelayData!E:E,"Not Found") -> 27 | T91: =tbl_master[[#This Row],[Delay Mins]] -> 27 | U91: =S90 -> 27 | V91: {=IF(V5COUNT(S91:S93)<3,"",AVERAGE(S91:S93))} -> #NAME? | W91: =0.5*T91 + 0.3*U91 + 0.2*V91 -> #NAME? | X91: =S91 - W91 -> #NAME? | Y91: =ABS(S91 - W91) -> #NAME?
A92: 152306 | B92: 46048 | C92: 1N35 | E92: KGX | F92: 13 | G92: 13 | I92: MHBC | J92: M7 | K92: Accepted | N92: =IF(L92="Availability", 0, IF(AND(#REF!="Y", OR(F92>2,#REF!> 0)), 1, 0)) -> #REF! | S92: =_xlfn.XLOOKUP(E92,DelayData!C:C,DelayData!E:E,"Not Found") -> 0 | T92: =tbl_master[[#This Row],[Delay Mins]] -> 0 | U92: =S91 -> 27 | V92: {=IF(V5COUNT(S92:S94)<3,"",AVERAGE(S92:S94))} -> #NAME? | W92: =0.5*T92 + 0.3*U92 + 0.2*V92 -> #NAME? | X92: =S92 - W92 -> #NAME? | Y92: =ABS(S92 - W92) -> #NAME?
A93: 152025 | B93: 46048 | C93: 1D26 | D93: 18:03 KINGS X to SKIPTON | E93: LDS | F93: 0 | G93: 30 | H93: 43735 | I93: MHB2 | J93: MY | K93: Accepted | N93: =IF(L93="Availability", 0, IF(AND(#REF!="Y", OR(F93>2,#REF!> 0)), 1, 0)) -> #REF! | S93: =_xlfn.XLOOKUP(E93,DelayData!C:C,DelayData!E:E,"Not Found") -> 0 | T93: =tbl_master[[#This Row],[Delay Mins]] -> 0 | U93: =S92 -> 0 | V93: {=IF(V5COUNT(S93:S95)<3,"",AVERAGE(S93:S95))} -> #NAME? | W93: =0.5*T93 + 0.3*U93 + 0.2*V93 -> #NAME? | X93: =S93 - W93 -> #NAME? | Y93: =ABS(S93 - W93) -> #NAME?
A94: 151124 | B94: 46048 | C94: 1D12 | E94: WKF WHRDJN | F94: 3 | G94: 3 | I94: MHBA | J94: MP | K94: Accepted | N94: =IF(L94="Availability", 0, IF(AND(#REF!="Y", OR(F94>2,#REF!> 0)), 1, 0)) -> #REF! | S94: =_xlfn.XLOOKUP(E94,DelayData!C:C,DelayData!E:E,"Not Found") -> 0 | T94: =tbl_master[[#This Row],[Delay Mins]] -> 0 | U94: =S93 -> 0 | V94: {=IF(V5COUNT(S94:S96)<3,"",AVERAGE(S94:S96))} -> #NAME? | W94: =0.5*T94 + 0.3*U94 + 0.2*V94 -> #NAME? | X94: =S94 - W94 -> #NAME? | Y94: =ABS(S94 - W94) -> #NAME?
A95: 150832 | B95: 46048 | C95: 5E10 | D95: 09:14 CRAIGNTNY to EDINBURGH | E95: XCN | F95: 2 | G95: 3 | H95: 43998 | I95: MHBK | J95: MU | K95: Accepted | N95: =IF(L95="Availability", 0, IF(AND(#REF!="Y", OR(F95>2,#REF!> 0)), 1, 0)) -> #REF! | S95: =_xlfn.XLOOKUP(E95,DelayData!C:C,DelayData!E:E,"Not Found") -> 2 | T95: =tbl_master[[#This Row],[Delay Mins]] -> 2 | U95: =S94 -> 0 | V95: {=IF(V5COUNT(S95:S97)<3,"",AVERAGE(S95:S97))} -> #NAME? | W95: =0.5*T95 + 0.3*U95 + 0.2*V95 -> #NAME? | X95: =S95 - W95 -> #NAME? | Y95: =ABS(S95 - W95) -> #NAME?
A96: 150790 | B96: 46048 | C96: 1E11 | D96: 07:52 ABERDEEN to KINGS X | E96: INK | F96: 10 | G96: 21 | H96: 43572 | I96: THB4 | J96: TG | K96: Accepted | N96: =IF(L96="Availability", 0, IF(AND(#REF!="Y", OR(F96>2,#REF!> 0)), 1, 0)) -> #REF! | S96: =_xlfn.XLOOKUP(E96,DelayData!C:C,DelayData!E:E,"Not Found") -> 5 | T96: =tbl_master[[#This Row],[Delay Mins]] -> 5 | U96: =S95 -> 2 | V96: {=IF(V5COUNT(S96:S98)<3,"",AVERAGE(S96:S98))} -> #NAME? | W96: =0.5*T96 + 0.3*U96 + 0.2*V96 -> #NAME? | X96: =S96 - W96 -> #NAME? | Y96: =ABS(S96 - W96) -> #NAME?
A97: 150738 | B97: 46048 | C97: 1A32 | E97: DON | F97: 3 | G97: 15 | I97: MHBC | J97: M7 | K97: Accepted | N97: =IF(L97="Availability", 0, IF(AND(#REF!="Y", OR(F97>2,#REF!> 0)), 1, 0)) -> #REF! | S97: =_xlfn.XLOOKUP(E97,DelayData!C:C,DelayData!E:E,"Not Found") -> 3 | T97: =tbl_master[[#This Row],[Delay Mins]] -> 3 | U97: =S96 -> 5 | V97: {=IF(V5COUNT(S97:S99)<3,"",AVERAGE(S97:S99))} -> #NAME? | W97: =0.5*T97 + 0.3*U97 + 0.2*V97 -> #NAME? | X97: =S97 - W97 -> #NAME? | Y97: =ABS(S97 - W97) -> #NAME?
A98: 150048 | B98: 46048 | C98: 5S28 | D98: 23:19 EDINBURGH to CRAIGNTNY | E98: EDB XCN | F98: 1 | G98: 1 | H98: 43536 | I98: ZQLB | K98: New | N98: =IF(L98="Availability", 0, IF(AND(#REF!="Y", OR(F98>2,#REF!> 0)), 1, 0)) -> #REF! | S98: =_xlfn.XLOOKUP(E98,DelayData!C:C,DelayData!E:E,"Not Found") -> Not Found | T98: =tbl_master[[#This Row],[Delay Mins]] -> Not Found | U98: =S97 -> 3 | V98: {=IF(V5COUNT(S98:S100)<3,"",AVERAGE(S98:S100))} -> #NAME? | W98: =0.5*T98 + 0.3*U98 + 0.2*V98 -> #VALUE! | X98: =S98 - W98 -> #VALUE! | Y98: =ABS(S98 - W98) -> #VALUE!
A99: 150029 | B99: 46048 | C99: 5Y26 | D99: 23:04 KINGS X to BOUNDGNCS | E99: XGD | F99: 6 | G99: 12 | H99: 43964 | I99: MHBJ | J99: MU | K99: Accepted | N99: =IF(L99="Availability", 0, IF(AND(#REF!="Y", OR(F99>2,#REF!> 0)), 1, 0)) -> #REF! | S99: =_xlfn.XLOOKUP(E99,DelayData!C:C,DelayData!E:E,"Not Found") -> 7 | T99: =tbl_master[[#This Row],[Delay Mins]] -> 7 | U99: =S98 -> Not Found | V99: {=IF(V5COUNT(S99:S101)<3,"",AVERAGE(S99:S101))} -> #NAME? | W99: =0.5*T99 + 0.3*U99 + 0.2*V99 -> #VALUE! | X99: =S99 - W99 -> #VALUE! | Y99: =ABS(S99 - W99) -> #VALUE!
A100: 148995 | B100: 46047 | D100: 10:15 KINGS X to EDINBURGH | E100: KGX | F100: 7 | G100: 14 | H100: 43957 | I100: MHBJ | K100: New | N100: =IF(L100="Availability", 0, IF(AND(#REF!="Y", OR(F100>2,#REF!> 0)), 1, 0)) -> #REF! | S100: =_xlfn.XLOOKUP(E100,DelayData!C:C,DelayData!E:E,"Not Found") -> 0 | T100: =tbl_master[[#This Row],[Delay Mins]] -> 0 | U100: =S99 -> 7 | V100: {=IF(V5COUNT(S100:S102)<3,"",AVERAGE(S100:S102))} -> #NAME? | W100: =0.5*T100 + 0.3*U100 + 0.2*V100 -> #NAME? | X100: =S100 - W100 -> #NAME? | Y100: =ABS(S100 - W100) -> #NAME?
...

Sheet LOOKUPS
A1: LNER_Fleet_Status | B1: Who_Accepted | C1: Who_Referred | D1: Who_Requested | E1: Waiting_Att_Mgr_Decision | F1: Wtg_Referral_Dec | G1: Hitachi_Status | H1: Yes_No | I1: Vehicle_No | J1: Unit_No
A2: Investigation | B2: Fleet | C2: 225 Fleet Tech | D2: Driver | E2: Driver Error | F2: 225 Fleet Tech | G2: Investigation | H2: Y | I2: 811101 | J2: 800101
A3: Accepted | B3: Other | C3: TM | D3: TM | E3: TM Error | F3: TM | G3: Accepted | H3: N | I3: 811102 | J3: 800102
A4: Referred | B4: 225 Depot | C4: Driver | D4: Station | E4: Driver Door Obstacle | F4: Driver | G4: Availability | I4: 811103 | J4: 800103
A5: Report_Requested | C5: Station | D5: Onboard | E5: Passengers | F5: Station | G5: Merged | I5: 811104 | J5: 800104
A6: Merged with Master | C6: NR | D6: HRL | E6: Incorrect Dispatch | F6: NR | G6: TOC Dispute | I6: 811105 | J6: 800105
A7: Refer to Level 2 | C7: Control | D7: Ops | E7: Incident not Reported to MC | F7: Control | G7: Rejected - Class 3/5 | I7: 811106 | J7: 800106
A8: Wtg_Att_Mgr_Dec | C8: Other | D8: NR | E8: Awaiting Stoke Tech | F8: Other | G8: Rejected - Unsold Unit | I8: 811107 | J8: 800107
A9: Wtg_Referral_Dec | C9: Vandalism | E9: Awaiting CCF to Review | F9: Vandalism | G9: Rejected - Sub Threshold | I9: 811108 | J9: 800108
A10: Discuss with HRL | E10: Awaiting NR | F10: Awaiting DRV Report | G10: Rejected - 225 delay | I10: 811109 | J10: 800109
E11: Awaiting Amendment TRUST/Bugle Code | F11: Awaiting DTM to Review | G11: Rejected | I11: 811110 | J11: 800110
E12: Awaiting Attribution Decision | F12: Awaiting TM Report | I12: 811111 | J12: 800111
F13: Awaiting Referral Acceptance | I13: 811112 | J13: 800112
I14: 811113 | J14: 800113
I15: 812101 | J15: 800201
I16: 812102 | J16: 800202
I17: 812103 | J17: 800203
I18: 812104 | J18: 800204
I19: 812105 | J19: 800205
I20: 812106 | J20: 800206
I21: 812107 | J21: 800207
I22: 812108 | J22: 800208
I23: 812109 | J23: 800209
I24: 812110 | J24: 800210
I25: 812111 | J25: 801101
... I75: 816109 | J75: undefined
I76: 816110
I77: 816111
I78: 816112
I79: 816113
I80: 817101
I81: 817102
I82: 817103
I83: 817104
I84: 817105
I85: 817106
I86: 817107
I87: 817108
... I592: 91130

Sheet CODES
A1: Code | B1: System_SubSystem_Component | C1: Safety_Critical | D1: System_Code | E1: System | F1: SubSystem_Code | G1: SubSystem | H1: Component_Code | I1: Component | J1: Fleet
A2: 1A9 | B2: Operational_Staff_No Fault Identified | C2: N | D2: 1 | E2: Operational | F2: A | G2: Staff | H2: 9 | I2: No Fault Identified | J2: Azuma
A3: 1AA | B3: Operational_Staff_Driver | C3: N | D3: 1 | E3: Operational | F3: A | G3: Staff | H3: A | I3: Driver | J3: Azuma
A4: 1AB | B4: Operational_Staff_TM | C4: N | D4: 1 | E4: Operational | F4: A | G4: Staff | H4: B | I4: TM | J4: Azuma
A5: 1AC | B5: Operational_Staff_Train Crew | C5: N | D5: 1 | E5: Operational | F5: A | G5: Staff | H5: C | I5: Train Crew | J5: Azuma
A6: 1AD | B6: Operational_Staff_Platform | C6: N | D6: 1 | E6: Operational | F6: A | G6: Staff | H6: D | I6: Platform | J6: Azuma
A7: 1AE | B7: Operational_Staff_Other | C7: N | D7: 1 | E7: Operational | F7: A | G7: Staff | H7: E | I7: Other | J7: Azuma
A8: 1B9 | B8: Operational_Depot_No Fault Identified | C8: N | D8: 1 | E8: Operational | F8: B | G8: Depot | H8: 9 | I8: No Fault Identified | J8: Azuma
A9: 1BA | B9: Operational_Depot_InfraStructure | C9: N | D9: 1 | E9: Operational | F9: B | G9: Depot | H9: A | I9: InfraStructure | J9: Azuma
A10: 1BB | B10: Operational_Depot_Awaiting Acceptance | C10: N | D10: 1 | E10: Operational | F10: B | G10: Depot | H10: B | I10: Awaiting Acceptance | J10: Azuma
A11: 1BC | B11: Operational_Depot_Planning | C11: N | D11: 1 | E11: Operational | F11: B | G11: Depot | H11: C | I11: Planning | J11: Azuma
A12: 1BD | B12: Operational_Depot_Process | C12: N | D12: 1 | E12: Operational | F12: B | G12: Depot | H12: D | I12: Process | J12: Azuma
... A88: 225-2BN | B88: LNER_Other_Passenger Vandalism | C88: N | D88: 2 | E88: LNER | F88: B | G88: Other | H88: N | I88: Passenger Vandalism | J88: 225
A89: 225-AA1 | B89: Air System_Control_No Fault Identified | D89: A | E89: Air System | F89: A | G89: Control | H89: 1 | I89: No Fault Identified | J89: 225
A90: 225-AAA | B90: Air System_Control_Contactor Single phase | D90: A | E90: Air System | F90: A | G90: Control | H90: A | I90: Contactor Single phase | J90: 225
A91: 225-AAB | B91: Air System_Control_Contactor three phase | D91: A | E91: Air System | F91: A | G91: Control | H91: B | I91: Contactor three phase | J91: 225
A92: 225-AAC | B92: Air System_Control_Contactor - Change over | D92: A | E92: Air System | F92: A | G92: Control | H92: C | I92: Contactor - Change over | J92: 225
A93: 225-AAD | B93: Air System_Control_Contactor coil | D93: A | E93: Air System | F93: A | G93: Control | H93: D | I93: Contactor coil | J93: 225
A94: 225-AAE | B94: Air System_Control_Contactor fixed tip | D94: A | E94: Air System | F94: A | G94: Control | H94: E | I94: Contactor fixed tip | J94: 225
A95: 225-AAF | B95: Air System_Control_Contactor moving tip | D95: A | E95: Air System | F95: A | G95: Control | H95: F | I95: Contactor moving tip | J95: 225
A96: 225-AAG | B96: Air System_Control_Knuckle Spring | D96: A | E96: Air System | F96: A | G96: Control | H96: G | I96: Knuckle Spring | J96: 225
A97: 225-AAH | B97: Air System_Control_Terminal Connections | D97: A | E97: Air System | F97: A | G97: Control | H97: H | I97: Terminal Connections | J97: 225
A98: 225-AAI | B98: Air System_Control_Terminal fasteners | D98: A | E98: Air System | F98: A | G98: Control | H98: I | I98: Terminal fasteners | J98: 225
A99: 225-AAJ | B99: Air System_Control_Arc Chute | D99: A | E99: Air System | F99: A | G99: Control | H99: J | I99: Arc Chute | J99: 225
A100: 225-AAK | B100: Air System_Control_Wiring | D100: A | E100: Air System | F100: A | G100: Control | H100: K | I100: Wiring | J100: 225
... A2753: 225-ZFH | B2753: Equipment_Portable Fire_Fire Blanket (catering) | D2753: Z | E2753: Equipment | F2753: F | G2753: Portable Fire | H2753: H | I2753: Fire Blanket (catering) | J2753: 225
A2754: AA6 | B2754: Air System_Air Horn_Fault not Investigated | C2754: Y | D2754: A | E2754: Air System | F2754: A | G2754: Air Horn | H2754: 6 | I2754: Fault not Investigated | J2754: Azuma
A2755: AA7 | B2755: Air System_Air Horn_Non Technical | C2755: Y | D2755: A | E2755: Air System | F2755: A | G2755: Air Horn | H2755: 7 | I2755: Non Technical | J2755: Azuma
A2756: AA8 | B2756: Air System_Air Horn_Operator | C2756: Y | D2756: A | E2756: Air System | F2756: A | G2756: Air Horn | H2756: 8 | I2756: Operator | J2756: Azuma
A2757: AA9 | B2757: Air System_Air Horn_No Fault Identified | C2757: Y | D2757: A | E2757: Air System | F2757: A | G2757: Air Horn | H2757: 9 | I2757: No Fault Identified | J2757: Azuma
A2758: AAA | B2758: Air System_Air Horn_EP Valve | C2758: Y | D2758: A | E2758: Air System | F2758: A | G2758: Air Horn | H2758: A | I2758: EP Valve | J2758: Azuma
A2759: AAB | B2759: Air System_Air Horn_Horn | C2759: Y | D2759: A | E2759: Air System | F2759: A | G2759: Air Horn | H2759: B | I2759: Horn | J2759: Azuma
A2760: AAC | B2760: Air System_Air Horn_Horn Pressure Switch | C2760: Y | D2760: A | E2760: Air System | F2760: A | G2760: Air Horn | H2760: C | I2760: Horn Pressure Switch | J2760: Azuma
A2761: AAD | B2761: Air System_Air Horn_Lever Operated Horn Valve | C2761: Y | D2761: A | E2761: Air System | F2761: A | G2761: Air Horn | H2761: D | I2761: Lever Operated Horn Valve | J2761: Azuma
A2762: AAE | B2762: Air System_Air Horn_Pipework | C2762: Y | D2762: A | E2762: Air System | F2762: A | G2762: Air Horn | H2762: E | I2762: Pipework | J2762: Azuma
A2763: AAF | B2763: Air System_Air Horn_Regulator | C2763: Y | D2763: A | E2763: Air System | F2763: A | G2763: Air Horn | H2763: F | I2763: Regulator | J2763: Azuma
A2764: AAG | B2764: Air System_Air Horn_Thermostatic Junction Box | C2764: Y | D2764: A | E2764: Air System | F2764: A | G2764: Air Horn | H2764: G | I2764: Thermostatic Junction Box | J2764: Azuma
A2765: AAH | B2765: Air System_Air Horn_Adverse Weather | C2765: Y | D2765: A | E2765: Air System | F2765: A | G2765: Air Horn | H2765: H | I2765: Adverse Weather | J2765: Azuma
... A2870: BCC | B2870: Brake System_Cab & Vestibule Equipment_Brake Coding MCB | C2870: Y | D2870: B | E2870: Brake System | F2870: C | G2870: Cab & Vestibule Equipment | H2870: C | I2870: Brake Coding MCB | J2870: Azuma
A2871: C8 | B2871: Water and Toilet Systems_SST Toilet Door_Operator | C2871: N | E2871: Water and Toilet Systems | F2871: C | G2871: SST Toilet Door | H2871: 8 | I2871: Operator | J2871: Azuma
A2872: C9 | B2872: Water and Toilet Systems_SST Toilet Door_No Fault Identified | C2872: N | E2872: Water and Toilet Systems | F2872: C | G2872: SST Toilet Door | H2872: 9 | I2872: No Fault Identified | J2872: Azuma
A2873: CA6 | B2873: Bodyshell and Exterior_Body End_Fault not Investigated | C2873: Y | D2873: C | E2873: Bodyshell and Exterior | F2873: A | G2873: Body End | H2873: 6 | I2873: Fault not Investigated | J2873: Azuma
A2874: CA7 | B2874: Bodyshell and Exterior_Body End_Non Technical | C2874: Y | D2874: C | E2874: Bodyshell and Exterior | F2874: A | G2874: Body End | H2874: 7 | I2874: Non Technical | J2874: Azuma
A2875: CA8 | B2875: Bodyshell and Exterior_Body End_Operator | C2875: Y | D2875: C | E2875: Bodyshell and Exterior | F2875: A | G2875: Body End | H2875: 8 | I2875: Operator | J2875: Azuma
A2876: CA9 | B2876: Bodyshell and Exterior_Body End_No Fault Identified | C2876: Y | D2876: C | E2876: Bodyshell and Exterior | F2876: A | G2876: Body End | H2876: 9 | I2876: No Fault Identified | J2876: Azuma
A2877: CAA | B2877: Bodyshell and Exterior_Body End_Anti Climb | C2877: Y | D2877: C | E2877: Bodyshell and Exterior | F2877: A | G2877: Body End | H2877: A | I2877: Anti Climb | J2877: Azuma
A2878: CAB | B2878: Bodyshell and Exterior_Body End_Cab Entrance Steps | C2878: Y | D2878: C | E2878: Bodyshell and Exterior | F2878: A | G2878: Body End | H2878: B | I2878: Cab Entrance Steps | J2878: Azuma
A2879: CAC | B2879: Bodyshell and Exterior_Body End_Emergency Head Lamp Bracket | C2879: Y | D2879: C | E2879: Bodyshell and Exterior | F2879: A | G2879: Body End | H2879: C | I2879: Emergency Head Lamp Bracket | J2879: Azuma
A2880: CAD | B2880: Bodyshell and Exterior_Body End_Front Mask | C2880: Y | D2880: C | E2880: Bodyshell and Exterior | F2880: A | G2880: Body End | H2880: D | I2880: Front Mask | J2880: Azuma
A2881: CAE | B2881: Bodyshell and Exterior_Body End_Head & Tail Light Cover | C2881: Y | D2881: C | E2881: Bodyshell and Exterior | F2881: A | G2881: Body End | H2881: E | I2881: Head & Tail Light Cover | J2881: Azuma
A2882: CAF | B2882: Bodyshell and Exterior_Body End_Nose End Skirt | C2882: Y | D2882: C | E2882: Bodyshell and Exterior | F2882: A | G2882: Body End | H2882: F | I2882: Nose End Skirt | J2882: Azuma
A2883: CAG | B2883: Bodyshell and Exterior_Body End_Obstacle Deflector | C2883: Y | D2883: C | E2883: Bodyshell and Exterior | F2883: A | G2883: Body End | H2883: G | I2883: Obstacle Deflector | J2883: Azuma
A2884: CAH | B2884: Bodyshell and Exterior_Body End_RFID Tag | C2884: Y | D2884: C | E2884: Bodyshell and Exterior | F2884: A | G2884: Body End | H2884: H | I2884: RFID Tag | J2884: Azuma
... A4220: XBD | B4220: Communication Systems_CCTV_CCTV Network Unit | C4220: N | D4220: X | E4220: Communication Systems | F4220: B | G4220: CCTV | H4220: D | I4220: CCTV Network Unit | J4220: Azuma
A4221: XBE | B4221: Communication Systems_CCTV_ | C4221: N | D4221: X | E4221: Communication Systems | F4221: B | G4221: CCTV | H4221: E | J4221: Azuma
A4222: XBF | B4222: Communication Systems_CCTV_CCTV Power Unit | C4222: N | D4222: X | E4222: Communication Systems | F4222: B | G4222: CCTV | H4222: F | I4222: CCTV Power Unit | J4222: Azuma
A4223: XBG | B4223: Communication Systems_CCTV_DOO Camera | C4223: N | D4223: X | E4223: Communication Systems | F4223: B | G4223: CCTV | H4223: G | I4223: DOO Camera | J4223: Azuma
A4224: XBH | B4224: Communication Systems_CCTV_Forward Facing Camera | C4224: N | D4224: X | E4224: Communication Systems | F4224: B | G4224: CCTV | H4224: H | I4224: Forward Facing Camera | J4224: Azuma
A4225: XBI | B4225: Communication Systems_CCTV_HDD Cartridge | C4225: N | D4225: X | E4225: Communication Systems | F4225: B | G4225: CCTV | H4225: I | I4225: HDD Cartridge | J4225: Azuma
A4226: XBJ | B4226: Communication Systems_CCTV_Network Digital Recorder | C4226: N | D4226: X | E4226: Communication Systems | F4226: B | G4226: CCTV | H4226: J | I4226: Network Digital Recorder | J4226: Azuma
A4227: XBK | B4227: Communication Systems_CCTV_Pantograph Camera Pod | C4227: N | D4227: X | E4227: Communication Systems | F4227: B | G4227: CCTV | H4227: K | I4227: Pantograph Camera Pod | J4227: Azuma
A4228: XBL | B4228: Communication Systems_CCTV_Saloon Camera | C4228: N | D4228: X | E4228: Communication Systems | F4228: B | G4228: CCTV | H4228: L | I4228: Saloon Camera | J4228: Azuma
A4229: XBM | B4229: Communication Systems_CCTV_Software | C4229: N | D4229: X | E4229: Communication Systems | F4229: B | G4229: CCTV | H4229: M | I4229: Software | J4229: Azuma
A4230: XBN | B4230: Communication Systems_CCTV_Switching HUB | C4230: N | D4230: X | E4230: Communication Systems | F4230: B | G4230: CCTV | H4230: N | I4230: Switching HUB | J4230: Azuma
A4231: XBO | B4231: Communication Systems_CCTV_Vestibule Camera | C4231: N | D4231: X | E4231: Communication Systems | F4231: B | G4231: CCTV | H4231: O | I4231: Vestibule Camera | J4231: Azuma
A4232: XBP | B4232: Communication Systems_CCTV_Wiring/Plugs | C4232: Y | D4232: X | E4232: Communication Systems | F4232: B | G4232: CCTV | H4232: P | I4232: Wiring/Plugs | J4232: Azuma
A4233: XC6 | B4233: Communication Systems_GSM R_Fault not Investigated | C4233: Y | D4233: X | E4233: Communication Systems | F4233: C | G4233: GSM R | H4233: 6 | I4233: Fault not Investigated | J4233: Azuma
... A4337: ZCL | B4337: Emergency Equipment_Recovery & First Aid Equipment_First Aid Box | C4337: N | D4337: Z | E4337: Emergency Equipment | F4337: C | G4337: Recovery & First Aid Equipment | H4337: L | I4337: First Aid Box | J4337: Azuma
A4338: ZCM | B4338: Emergency Equipment_Recovery & First Aid Equipment_ | C4338: N | D4338: Z | E4338: Emergency Equipment | F4338: C | G4338: Recovery & First Aid Equipment | H4338: M | J4338: Azuma
A4339: ZCN | B4339: Emergency Equipment_Recovery & First Aid Equipment_Foil Blanket | C4339: N | D4339: Z | E4339: Emergency Equipment | F4339: C | G4339: Recovery & First Aid Equipment | H4339: N | I4339: Foil Blanket | J4339: Azuma
A4340: ZCO | B4340: Emergency Equipment_Recovery & First Aid Equipment_Gauntlet Gloves | C4340: N | D4340: Z | E4340: Emergency Equipment | F4340: C | G4340: Recovery & First Aid Equipment | H4340: O | I4340: Gauntlet Gloves | J4340: Azuma
A4341: ZCP | B4341: Emergency Equipment_Recovery & First Aid Equipment_Hand Axe | C4341: N | D4341: Z | E4341: Emergency Equipment | F4341: C | G4341: Recovery & First Aid Equipment | H4341: P | I4341: Hand Axe | J4341: Azuma
A4342: ZCQ | B4342: Emergency Equipment_Recovery & First Aid Equipment_Hard Hat | C4342: N | D4342: Z | E4342: Emergency Equipment | F4342: C | G4342: Recovery & First Aid Equipment | H4342: Q | I4342: Hard Hat | J4342: Azuma
A4343: ZCR | B4343: Emergency Equipment_Recovery & First Aid Equipment_Hi Vis Vests | C4343: N | D4343: Z | E4343: Emergency Equipment | F4343: C | G4343: Recovery & First Aid Equipment | H4343: R | I4343: Hi Vis Vests | J4343: Azuma
A4344: ZCS | B4344: Emergency Equipment_Recovery & First Aid Equipment_Hose (BP) | C4344: N | D4344: Z | E4344: Emergency Equipment | F4344: C | G4344: Recovery & First Aid Equipment | H4344: S | I4344: Hose (BP) | J4344: Azuma
A4345: ZCT | B4345: Emergency Equipment_Recovery & First Aid Equipment_Hose (MRP) | C4345: N | D4345: Z | E4345: Emergency Equipment | F4345: C | G4345: Recovery & First Aid Equipment | H4345: T | I4345: Hose (MRP) | J4345: Azuma
A4346: ZCU | B4346: Emergency Equipment_Recovery & First Aid Equipment_Ladder (Non-Conductive) | C4346: N | D4346: Z | E4346: Emergency Equipment | F4346: C | G4346: Recovery & First Aid Equipment | H4346: U | I4346: Ladder (Non-Conductive) | J4346: Azuma
A4347: ZCV | B4347: Emergency Equipment_Recovery & First Aid Equipment_Laminate Sheets | C4347: N | D4347: Z | E4347: Emergency Equipment | F4347: C | G4347: Recovery & First Aid Equipment | H4347: V | I4347: Laminate Sheets | J4347: Azuma
A4348: ZCW | B4348: Emergency Equipment_Recovery & First Aid Equipment_Light Sticks (Box of 10) | C4348: N | D4348: Z | E4348: Emergency Equipment | F4348: C | G4348: Recovery & First Aid Equipment | H4348: W | I4348: Light Sticks (Box of 10) | J4348: Azuma
A4349: ZCX | B4349: Emergency Equipment_Recovery & First Aid Equipment_Multi-Purpose Saw | C4349: N | D4349: Z | E4349: Emergency Equipment | F4349: C | G4349: Recovery & First Aid Equipment | H4349: X | I4349: Multi-Purpose Saw | J4349: Azuma
A4350: ZCY | B4350: Emergency Equipment_Recovery & First Aid Equipment_Nylon Rope | C4350: N | D4350: Z | E4350: Emergency Equipment | F4350: C | G4350: Recovery & First Aid Equipment | H4350: Y | I4350: Nylon Rope | J4350: Azuma
A4351: ZCZ | B4351: Emergency Equipment_Recovery & First Aid Equipment_Pair of Gloves | C4351: N | D4351: Z | E4351: Emergency Equipment | F4351: C | G4351: Recovery & First Aid Equipment | H4351: Z | I4351: Pair of Gloves | J4351: Azuma

Sheet DelayData
A1: Inc.# | B1: Incident Date | C1: Incident Location | D1: Total Mins | E1: Delay Mins | G1: =SUM(#REF!) -> #REF!
A2: 480134220401 | B2: 44652 | C2: YRK | D2: 8 | E2: 0
A3: 485541220403 | B3: 44654 | C3: XCN | D3: 2 | E3: 2
A4: 485877220403 | B4: 44654 | C4: KGX | D4: 6 | E4: 0
A5: 487346220404 | B5: 44655 | C5: KGX | D5: 3 | E5: 3
A6: 488234220404 | B6: 44655 | C6: CRCRFTJ | D6: 324 | E6: 181
A7: 488367220404 | B7: 44655 | C7: COLTONJ YRK | D7: 8 | E7: 0
A8: 489450220405 | B8: 44656 | C8: NNG GRA | D8: 51 | E8: 25
A9: 489832220405 | B9: 44656 | C9: LDS | D9: 3 | E9: 0
A10: 490889220405 | B10: 44656 | C10: PBO | D10: 3 | E10: 0
A11: 491787220406 | B11: 44657 | C11: NCASTLCEN | D11: 0 | E11: 0
A12: 491892220406 | B12: 44657 | C12: WHRDJN | D12: 47 | E12: 39
A13: 492464220406 | B13: 44657 | C13: LCN | D13: 7 | E13: 0
... A2440: 944576241031 | B2440: 45596 | C2440: PMT FKG | D2440: 4 | E2440: 0
A2441: 944576241101 | B2441: 45597 | D2441: 3 | E2441: 0
A2442: 946690241101 | B2442: 45597 | C2442: NNG | D2442: 119 | E2442: 101
A2443: 946812241101 | B2443: 45597 | C2443: INV AVM | D2443: 2 | E2443: 0
A2444: 947050241101 | B2444: 45597 | C2444: PIT PTH | D2444: 2 | E2444: 0
A2445: 947084241101 | B2445: 45597 | C2445: SOKEJ GRA | D2445: 1 | E2445: 0
A2446: 947156241101 | B2446: 45597 | C2446: KDY INK | D2446: 1 | E2446: 0
A2447: 951005241102 | B2447: 45598 | C2447: BWK | D2447: 3 | E2447: 0
A2448: 951236241102 | B2448: 45598 | C2448: GRA NNG | D2448: 12 | E2448: 10.5
A2449: 952537241103 | B2449: 45599 | C2449: XNL | D2449: 5 | E2449: 5
A2450: 952556241103 | B2450: 45599 | C2450: DONCIEP | D2450: 4 | E2450: 0
A2451: 952576241103 | B2451: 45599 | C2451: YRK | D2451: 9 | E2451: 4
A2452: 952971241103 | B2452: 45599 | C2452: DON | D2452: 35 | E2452: 21
A2453: 953050241103 | B2453: 45599 | C2453: KGX | D2453: 72 | E2453: 39
... A3926: 168071260202 | B3926: 46055 | C3926: LEEDS | D3926: 0 | E3926: 0

Sheet Sheet1
A2: Incident Location | B2: Sum of Delay Mins
A3: 1D05 | B3: 3
A4: 1E07 | B4: 0
A5: 23464 | B5: 0
A6: 3A10 | B6: 0
A7: 5A04 | B7: 0
A8: AAP | B8: 0
A9: AAP BNDSGRN | B9: 0
A10: AAP FPK | B10: 36
A11: AAP GDH | B11: 9
A12: AAP PBR | B12: 0
A13: AAP XGD | B13: 0
A14: ABD | B14: 145
... A362: Grand Total | B362: 48224.5

Sheet Sheet2
A2: Incident Date | B2: Sum of Delay Mins
A3: 45404 | B3: 15
A4: 45405 | B4: 0
A5: 45406 | B5: 58
A6: 45407 | B6: 0
A7: 45408 | B7: 85
A8: 45409 | B8: 153
A9: 45410 | B9: 168
A10: 45411 | B10: 121
A11: 45412 | B11: 51
A12: 45413 | B12: 66
A13: 45414 | B13: 76
A14: 45415 | B14: 136
... A650: 46065 | B650: 36
A651: Grand Total | B651: 48224.5

Sheet Sheet3
A2: Root Cause | B2: Sum of Delay Mins
A3: IN | B3: 0
A4: M0 | B4: 1978
A5: M015 | B5: 10
A6: M019 | B6: 167
A7: M020 | B7: 3
A8: M034 | B8: 20
A9: M039 | B9: 48
A10: M0BC | B10: 0
A11: M1 | B11: 1853.5
A12: M2 | B12: 147
A13: M7 | B13: 5118
A14: M703 | B14: 230
... A84: Grand Total | B84: 48224.5
